company_id,company_name,website,industry,employee_count,annual_revenue,currency,phone,billing_email,city,state,country,postal_code,owner,source,created_date,last_activity_date,notes,error_type,error_notes
COMP-000001,Acme 1 Technologies,https://www.acme1.com,Retail,25,100000,USD,+91 9823756669,accounts@@example..com,Chennai,Singapore,USA,081482,Divyaraj,Partner,2026-05-03,2026-05-10,Imported from event attendee list,invalid_email,Intentional CRM import test case: invalid_email
COMP-000001,BluePeak 2 Pvt Ltd,https://www.bluepeak2.com,Logistics,250,50000,EUR,+91 9836687537,accounts@bluepeak2.com,Delhi,Singapore,Singapore,095181,salesrep2,Partner,2026-03-16,2026-04-13,Imported from event attendee list,duplicate_record,Intentional CRM import test case: duplicate_record
COMP-000003,Northstar 3 Solutions,https://www.northstar3.com,FinTech,500,500000,GBP,+91 9847295260,accounts@northstar3.com,Chennai,Karnataka,Germany,038221,,Event Booth,2026-04-15,2026-05-06,Imported from event attendee list,typo_in_domain,Intentional CRM import test case: typo_in_domain
COMP-000004,  Vertex 4 LLC   ,https://www.vertex4.com,Manufacturing,250,250000,INR,+91 9871662963,accounts@vertex4.com,Hyderabad,London,USA,026361,Maya,Webinar,2025-12-21,2026-04-23,Imported from event attendee list,extra_spaces,Intentional CRM import test case: extra_spaces
COMP-000005,NIMBUS 5 TECHNOLOGIES,https://www.nimbus5.com,Education,500,50000,INR,+91 9898753260,accounts@nimbus5.com,London,Karnataka,Australia,047930,Divyaraj,LinkedIn,2026-04-16,2026-04-17,Imported from event attendee list,mixed_case,Intentional CRM import test case: mixed_case
COMP-000006,BrightEdge 6 Ltd,https://www.brightedge6.com,Manufacturing,25,250000,GBP,+91 9838119557,accounts@brightedge6.com,Singapore,Singapore,Canada,044993,salesrep2,Webinar,"May 11th, 26",2026-04-01,Imported from event attendee list,wrong_date_format,Intentional CRM import test case: wrong_date_format
COMP-000007,CloudNova 7 Inc,https://www.cloudnova7.com,Hospitality,100,250000,EUR,+91-INVALID,accounts@cloudnova7.com,Mumbai,Singapore,Singapore,052504,,Trade Show,2026-03-14,2026-03-20,Imported from event attendee list,invalid_phone,Intentional CRM import test case: invalid_phone
COMP-000008,GreenLeaf 8 Pvt Ltd,https://www.greenleaf8.com,Retail,10,100000,EUR,+91 9852235350,accounts@greenleaf8.com,Coimbatore,Karnataka,USA,095909,Maya,Partner,2025-11-28,2026-04-12,Imported from event attendee list,country_city_mismatch,Intentional CRM import test case: country_city_mismatch
COMP-000009,UrbanHive 9 Inc,https://www.urbanhive9.com,Education,500,"INR 10,00,000",EUR,+91 9845264581,accounts@urbanhive9.com,Mumbai,Singapore,Germany,086622,Maya,Partner,2026-02-08,2026-04-27,Imported from event attendee list,wrong_currency_format,Intentional CRM import test case: wrong_currency_format
COMP-000010,DataNest 10 Inc,https://www.datanest10.com,SaaS,fifty,50000,USD,+91 9894214382,accounts@datanest10.com,Bengaluru,Karnataka,Canada,099192,Maya,Webinar,2026-02-02,2026-04-17,Imported from event attendee list,invalid_number_text,Intentional CRM import test case: invalid_number_text
COMP-000011,QuantumWorks 11 Solutions,https://www.quantumworks11.com,Retail,250,50000,INR,+91 9882070937,accounts@quantumworks11.com,New York,Maharashtra,Canada,094012,Kiran,Webinar,2026-02-25,2026-04-14,Imported from event attendee list,bad_lookup_reference,Intentional CRM import test case: bad_lookup_reference
COMP-000012,Silverline 12 Inc,https://www.silverline12.com,Retail,250,100000,EUR,+91 9824282218,accounts@silverline12.com,Chennai,Singapore,Canada,049117,,LinkedIn,2026-04-02,2026-04-18,Imported from event attendee list,merged_fields,Intentional CRM import test case: merged_fields
COMP-000013,Redwood 13 Inc & Sons/Partners #1,https://www.redwood13.com,Manufacturing,100,50000,INR,+91 9858718453,accounts@redwood13.com,London,Maharashtra,India,041385,Divyaraj,LinkedIn,2025-12-17,2026-03-12,Imported from event attendee list,special_characters,Intentional CRM import test case: special_characters
COMP-000014,Zenith 14 Pvt Ltd,https://www.zenith14.com,Healthcare,1000,1000000,USD,+91 9827232410,accounts@zenith14.com,Kochi,Singapore,USA,072296,Sales Rep 1,Referral,2026-03-05,2026-04-08,Imported from event attendee list,leading_zero_lost,Intentional CRM import test case: leading_zero_lost
COMP-000015,AlphaCore 15 Solutions,https://www.alphacore15.com,Logistics,1000,2500000,USD,+91 9851837852,accounts@alphacore15.com,Delhi,California,UAE,098039,salesrep2,Event Booth,2026-01-19,2026-03-15,Imported from event attendee list,newline_in_field,Intentional CRM import test case: newline_in_field
COMP-000016,MetricBee 16 Solutions,https://www.metricbee16.com,Education,25,50000,GBP,+91 9812823170,accounts@metricbee16.com,Bengaluru,London,Canada,082603,Anu,LinkedIn,2026-05-10,2026-05-07,Imported from event attendee list,unknown_picklist_value,Intentional CRM import test case: unknown_picklist_value
COMP-000017,FutureFlow 17 Technologies,https://www.futureflow17.com,Healthcare,10,250000,INR,+91 9879008866,accounts@futureflow17.com,Delhi,Karnataka,India,046500,salesrep2,Inbound,2026-03-18,2026-04-07,Imported from event attendee list,future_close_date,Intentional CRM import test case: future_close_date
COMP-000018,PeoplePulse 18 Inc,https://www.peoplepulse18.com,Hospitality,1000,500000,USD,+91 9822660194,accounts@peoplepulse18.com,Delhi,Tamil Nadu,Canada,096374,Maya,Event Booth,2026-01-23,2026-04-15,Imported from event attendee list,negative_deal_value,Intentional CRM import test case: negative_deal_value
COMP-000019,SwiftOps 19 LLC,https://www.swiftops19.com,Healthcare,10,500000,GBP,+91 9824665841,accounts@swiftops19.com,Singapore,Karnataka,India,035112,Anu,Inbound,2026-04-06,2026-04-14,Imported from event attendee list,personal_email_for_business_contact,Intentional CRM import test case: personal_email_for_business_contact
COMP-000020,ClearPath 20 Inc,https://www.clearpath20.com,Education,1000,50000,SGD,+91 9883863413,accounts@clearpath20.com,Kochi,Tamil Nadu,Germany,016630,salesrep2,Trade Show,2026-04-18,2026-03-13,Imported from event attendee list,company_suffix_variation,Intentional CRM import test case: company_suffix_variation
COMP-000021,Acme 21 Inc,https://www.acme21.com,Hospitality,100,100000,SGD,+91 9817869910,accounts@acme21.com,Coimbatore,Karnataka,United Kingdom,059672,Divyaraj,Partner,2026-03-05,2026-03-13,Imported from event attendee list,duplicate_with_different_case,Intentional CRM import test case: duplicate_with_different_case
COMP-000022,BluePeak 22 LLC,https://www.bluepeak22.com,Logistics,500,2500000,SGD,+91 9830776478,accounts@bluepeak22.com,Coimbatore,Karnataka,Germany,048890,Anu,Trade Show,2025-12-14,2026-03-25,Key account ⭐,emoji_in_field,Intentional CRM import test case: emoji_in_field
COMP-000023,Northstar 23 Solutions,www.northstar23.com,SaaS,10,1000000,SGD,+91 9877491435,accounts@northstar23.com,Hyderabad,London,India,030635,Divyaraj,Webinar,2026-03-25,2026-05-07,Imported from event attendee list,url_missing_protocol,Intentional CRM import test case: url_missing_protocol
COMP-000024,Vertex 24 Solutions,https://www.vertex24.com,Education,100,50000,EUR,+91 9843046464,accounts@vertex24.com,Singapore,London,USA,87924,Divyaraj,Webinar,2026-01-24,2026-03-30,Imported from event attendee list,postal_code_as_number,Intentional CRM import test case: postal_code_as_number
COMP-000025,Nimbus 25 Solutions,https://www.nimbus25.com,Select Industry,500,2500000,GBP,+91 9842035886,accounts@nimbus25.com,Pune,Maharashtra,Australia,061876,Anu,Cold Email,2026-01-14,2026-04-21,Imported from event attendee list,placeholder_text,Intentional CRM import test case: placeholder_text
COMP-000026,BrightEdge 26 Pvt Ltd,https://www.brightedge26.com,Consulting,250,50000,INR,+91 9882160068,accounts@brightedge26.com,Kochi,Karnataka,India,076307,,Referral,2026-02-11,2026-03-16,Imported from event attendee list,blank_owner,Intentional CRM import test case: blank_owner
COMP-000027,,https://www.cloudnova27.com,Retail,25,500000,EUR,+91 9850603163,accounts@cloudnova27.com,Hyderabad,London,Singapore,095717,Sales Rep 1,Trade Show,2025-11-22,2026-03-20,Imported from event attendee list,missing_required_field,Intentional CRM import test case: missing_required_field
COMP-000028,GreenLeaf 28 Solutions,https://www.greenleaf28.com,Healthcare,25,250000,INR,+91 9824366125,accounts@@example..com,Singapore,Singapore,Germany,082512,Anu,Cold Email,2026-02-28,2026-04-03,Imported from event attendee list,invalid_email,Intentional CRM import test case: invalid_email
COMP-000001,UrbanHive 29 Inc,https://www.urbanhive29.com,Retail,250,500000,GBP,+91 9816818112,accounts@urbanhive29.com,Delhi,Tamil Nadu,Australia,093136,Maya,Cold Email,2026-04-30,2026-05-11,Imported from event attendee list,duplicate_record,Intentional CRM import test case: duplicate_record
COMP-000030,DataNest 30 Ltd,https://www.datanest30.com,Retail,25,2500000,SGD,+91 9884045292,accounts@datanest30.com,Singapore,Singapore,United Kingdom,066057,Sales Rep 1,Trade Show,2026-04-13,2026-05-07,Imported from event attendee list,typo_in_domain,Intentional CRM import test case: typo_in_domain
COMP-000031,  QuantumWorks 31 Technologies   ,https://www.quantumworks31.com,SaaS,1000,250000,EUR,+91 9884158663,accounts@quantumworks31.com,New York,Karnataka,United Kingdom,066333,Anu,Trade Show,2026-02-22,2026-04-18,Imported from event attendee list,extra_spaces,Intentional CRM import test case: extra_spaces
COMP-000032,SILVERLINE 32 PVT LTD,https://www.silverline32.com,Education,500,50000,GBP,+91 9885146293,accounts@silverline32.com,Delhi,California,Australia,091351,salesrep2,Referral,2026-03-12,2026-03-17,Imported from event attendee list,mixed_case,Intentional CRM import test case: mixed_case
COMP-000033,Redwood 33 Inc,https://www.redwood33.com,SaaS,25,2500000,GBP,+91 9865259205,accounts@redwood33.com,Coimbatore,Singapore,United Kingdom,042527,Kiran,Referral,"May 11th, 26",2026-05-05,Imported from event attendee list,wrong_date_format,Intentional CRM import test case: wrong_date_format
COMP-000034,Zenith 34 LLC,https://www.zenith34.com,Education,25,500000,GBP,+91-INVALID,accounts@zenith34.com,Kochi,Karnataka,India,039219,Divyaraj,LinkedIn,2026-01-29,2026-04-20,Imported from event attendee list,invalid_phone,Intentional CRM import test case: invalid_phone
COMP-000035,AlphaCore 35 Ltd,https://www.alphacore35.com,Manufacturing,500,1000000,SGD,+91 9881969657,accounts@alphacore35.com,Coimbatore,Maharashtra,USA,013617,Divyaraj,Cold Email,2026-03-27,2026-04-04,Imported from event attendee list,country_city_mismatch,Intentional CRM import test case: country_city_mismatch
COMP-000036,MetricBee 36 Ltd,https://www.metricbee36.com,Consulting,100,"INR 10,00,000",GBP,+91 9868571795,accounts@metricbee36.com,Bengaluru,London,India,077033,Divyaraj,Partner,2025-12-15,2026-04-29,Imported from event attendee list,wrong_currency_format,Intentional CRM import test case: wrong_currency_format
COMP-000037,FutureFlow 37 Ltd,https://www.futureflow37.com,SaaS,fifty,1000000,USD,+91 9858884978,accounts@futureflow37.com,Coimbatore,California,India,019171,salesrep2,Event Booth,2025-12-03,2026-04-21,Imported from event attendee list,invalid_number_text,Intentional CRM import test case: invalid_number_text
COMP-000038,PeoplePulse 38 Technologies,https://www.peoplepulse38.com,Logistics,50,2500000,SGD,+91 9853779528,accounts@peoplepulse38.com,Pune,California,USA,048752,Sales Rep 1,Referral,2026-03-23,2026-04-15,Imported from event attendee list,bad_lookup_reference,Intentional CRM import test case: bad_lookup_reference
COMP-000039,SwiftOps 39 Technologies,https://www.swiftops39.com,FinTech,250,1000000,GBP,+91 9864502486,accounts@swiftops39.com,Singapore,London,UAE,010053,Kiran,Cold Email,2026-03-19,2026-04-14,Imported from event attendee list,merged_fields,Intentional CRM import test case: merged_fields
COMP-000040,ClearPath 40 Solutions & Sons/Partners #1,https://www.clearpath40.com,Hospitality,100,2500000,USD,+91 9878608612,accounts@clearpath40.com,Kochi,California,Australia,032241,salesrep2,Webinar,2026-02-28,2026-04-09,Imported from event attendee list,special_characters,Intentional CRM import test case: special_characters
COMP-000041,Acme 41 Technologies,https://www.acme41.com,Education,500,250000,USD,+91 9836726767,accounts@acme41.com,Bengaluru,Karnataka,Australia,013201,Divyaraj,LinkedIn,2026-01-10,2026-04-02,Imported from event attendee list,leading_zero_lost,Intentional CRM import test case: leading_zero_lost
COMP-000042,BluePeak 42 Pvt Ltd,https://www.bluepeak42.com,Consulting,25,2500000,SGD,+91 9876354180,accounts@bluepeak42.com,Coimbatore,California,Canada,041979,Anu,Trade Show,2026-04-14,2026-03-23,Imported from event attendee list,newline_in_field,Intentional CRM import test case: newline_in_field
COMP-000043,Northstar 43 LLC,https://www.northstar43.com,Logistics,100,50000,EUR,+91 9843446826,accounts@northstar43.com,Mumbai,Tamil Nadu,Singapore,069829,Anu,Inbound,2025-11-22,2026-04-08,Imported from event attendee list,unknown_picklist_value,Intentional CRM import test case: unknown_picklist_value
COMP-000044,Vertex 44 Solutions,https://www.vertex44.com,Consulting,1000,2500000,EUR,+91 9867276174,accounts@vertex44.com,Kochi,London,Australia,068446,Anu,Inbound,2026-01-16,2026-04-25,Imported from event attendee list,future_close_date,Intentional CRM import test case: future_close_date
COMP-000045,Nimbus 45 Inc,https://www.nimbus45.com,Hospitality,500,100000,GBP,+91 9869038700,accounts@nimbus45.com,New York,Tamil Nadu,Germany,047450,Anu,Cold Email,2026-02-15,2026-04-21,Imported from event attendee list,negative_deal_value,Intentional CRM import test case: negative_deal_value
COMP-000046,BrightEdge 46 Solutions,https://www.brightedge46.com,FinTech,25,500000,USD,+91 9838716269,accounts@brightedge46.com,Mumbai,Tamil Nadu,USA,064377,Maya,Event Booth,2025-12-24,2026-04-12,Imported from event attendee list,personal_email_for_business_contact,Intentional CRM import test case: personal_email_for_business_contact
COMP-000047,CloudNova 47 LLC,https://www.cloudnova47.com,Real Estate,100,1000000,INR,+91 9887267850,accounts@cloudnova47.com,Delhi,California,India,072518,Divyaraj,Event Booth,2026-02-24,2026-03-24,Imported from event attendee list,company_suffix_variation,Intentional CRM import test case: company_suffix_variation
COMP-000048,GreenLeaf 48 LLC,https://www.greenleaf48.com,Logistics,1000,1000000,USD,+91 9875529051,accounts@greenleaf48.com,New York,Karnataka,UAE,045774,Maya,Inbound,2026-05-04,2026-04-17,Imported from event attendee list,duplicate_with_different_case,Intentional CRM import test case: duplicate_with_different_case
COMP-000049,UrbanHive 49 Ltd,https://www.urbanhive49.com,Hospitality,25,1000000,EUR,+91 9813619375,accounts@urbanhive49.com,Mumbai,California,UAE,087580,Sales Rep 1,Trade Show,2026-04-20,2026-03-31,Key account ⭐,emoji_in_field,Intentional CRM import test case: emoji_in_field
COMP-000050,DataNest 50 LLC,www.datanest50.com,FinTech,10,250000,SGD,+91 9853936531,accounts@datanest50.com,Kochi,Karnataka,United Kingdom,069598,Kiran,Event Booth,2026-02-03,2026-04-24,Imported from event attendee list,url_missing_protocol,Intentional CRM import test case: url_missing_protocol
COMP-000051,QuantumWorks 51 LLC,https://www.quantumworks51.com,Hospitality,10,2500000,EUR,+91 9816990811,accounts@quantumworks51.com,Bengaluru,Maharashtra,Germany,39389,salesrep2,Webinar,2025-11-26,2026-05-09,Imported from event attendee list,postal_code_as_number,Intentional CRM import test case: postal_code_as_number
COMP-000052,Silverline 52 Pvt Ltd,https://www.silverline52.com,Select Industry,250,100000,USD,+91 9826941092,accounts@silverline52.com,Delhi,California,Singapore,097747,Divyaraj,LinkedIn,2026-01-12,2026-03-28,Imported from event attendee list,placeholder_text,Intentional CRM import test case: placeholder_text
COMP-000053,Redwood 53 Ltd,https://www.redwood53.com,Consulting,250,2500000,INR,+91 9831980274,accounts@redwood53.com,Mumbai,Maharashtra,Australia,024168,,Trade Show,2026-02-21,2026-04-05,Imported from event attendee list,blank_owner,Intentional CRM import test case: blank_owner
COMP-000054,,https://www.zenith54.com,Education,10,1000000,USD,+91 9823676961,accounts@zenith54.com,Coimbatore,Singapore,UAE,049529,,Webinar,2025-12-18,2026-03-22,Imported from event attendee list,missing_required_field,Intentional CRM import test case: missing_required_field
COMP-000055,AlphaCore 55 Pvt Ltd,https://www.alphacore55.com,Real Estate,500,250000,INR,+91 9877908907,accounts@@example..com,New York,Singapore,Australia,054725,Divyaraj,Partner,2026-01-06,2026-05-05,Imported from event attendee list,invalid_email,Intentional CRM import test case: invalid_email
COMP-000001,MetricBee 56 LLC,https://www.metricbee56.com,Hospitality,500,100000,SGD,+91 9833640702,accounts@metricbee56.com,Singapore,Singapore,Australia,078386,salesrep2,Cold Email,2025-12-05,2026-03-21,Imported from event attendee list,duplicate_record,Intentional CRM import test case: duplicate_record
COMP-000057,FutureFlow 57 Solutions,https://www.futureflow57.com,Real Estate,1000,2500000,EUR,+91 9846023439,accounts@futureflow57.com,Kochi,Maharashtra,Canada,042177,,Webinar,2026-03-01,2026-03-16,Imported from event attendee list,typo_in_domain,Intentional CRM import test case: typo_in_domain
COMP-000058,  PeoplePulse 58 LLC   ,https://www.peoplepulse58.com,Consulting,250,2500000,SGD,+91 9855150390,accounts@peoplepulse58.com,Kochi,Tamil Nadu,Singapore,074789,,Event Booth,2026-03-26,2026-04-10,Imported from event attendee list,extra_spaces,Intentional CRM import test case: extra_spaces
COMP-000059,SWIFTOPS 59 INC,https://www.swiftops59.com,Manufacturing,50,1000000,GBP,+91 9884597009,accounts@swiftops59.com,Pune,Tamil Nadu,Australia,077715,Anu,Webinar,2026-03-11,2026-03-26,Imported from event attendee list,mixed_case,Intentional CRM import test case: mixed_case
COMP-000060,ClearPath 60 LLC,https://www.clearpath60.com,Education,500,500000,SGD,+91 9870152969,accounts@clearpath60.com,New York,Tamil Nadu,Canada,022196,Kiran,LinkedIn,"May 11th, 26",2026-03-28,Imported from event attendee list,wrong_date_format,Intentional CRM import test case: wrong_date_format
COMP-000061,Acme 61 Inc,https://www.acme61.com,Consulting,50,500000,EUR,+91-INVALID,accounts@acme61.com,Singapore,Maharashtra,Germany,065771,salesrep2,Event Booth,2026-02-10,2026-03-28,Imported from event attendee list,invalid_phone,Intentional CRM import test case: invalid_phone
COMP-000062,BluePeak 62 LLC,https://www.bluepeak62.com,Retail,25,50000,USD,+91 9852352128,accounts@bluepeak62.com,Coimbatore,Tamil Nadu,USA,080236,,Referral,2026-03-23,2026-04-28,Imported from event attendee list,country_city_mismatch,Intentional CRM import test case: country_city_mismatch
COMP-000063,Northstar 63 Technologies,https://www.northstar63.com,Consulting,1000,"INR 10,00,000",EUR,+91 9847983442,accounts@northstar63.com,Pune,Tamil Nadu,Canada,035443,Kiran,LinkedIn,2026-02-08,2026-04-30,Imported from event attendee list,wrong_currency_format,Intentional CRM import test case: wrong_currency_format
COMP-000064,Vertex 64 Ltd,https://www.vertex64.com,FinTech,fifty,50000,INR,+91 9884270583,accounts@vertex64.com,New York,Maharashtra,India,026551,salesrep2,Inbound,2026-04-15,2026-03-17,Imported from event attendee list,invalid_number_text,Intentional CRM import test case: invalid_number_text
COMP-000065,Nimbus 65 Pvt Ltd,https://www.nimbus65.com,Hospitality,100,250000,USD,+91 9816895666,accounts@nimbus65.com,Kochi,Maharashtra,Germany,072616,Divyaraj,Webinar,2026-01-29,2026-04-10,Imported from event attendee list,bad_lookup_reference,Intentional CRM import test case: bad_lookup_reference
COMP-000066,BrightEdge 66 Pvt Ltd,https://www.brightedge66.com,FinTech,1000,1000000,GBP,+91 9821432787,accounts@brightedge66.com,Mumbai,Karnataka,India,025525,Sales Rep 1,Partner,2025-12-07,2026-04-03,Imported from event attendee list,merged_fields,Intentional CRM import test case: merged_fields
COMP-000067,CloudNova 67 Solutions & Sons/Partners #1,https://www.cloudnova67.com,Real Estate,100,500000,GBP,+91 9888990506,accounts@cloudnova67.com,New York,California,Singapore,050026,Sales Rep 1,Trade Show,2025-12-06,2026-03-25,Imported from event attendee list,special_characters,Intentional CRM import test case: special_characters
COMP-000068,GreenLeaf 68 Pvt Ltd,https://www.greenleaf68.com,Education,50,2500000,INR,+91 9831079846,accounts@greenleaf68.com,Singapore,Karnataka,Singapore,032782,Sales Rep 1,Webinar,2026-04-01,2026-05-11,Imported from event attendee list,leading_zero_lost,Intentional CRM import test case: leading_zero_lost
COMP-000069,UrbanHive 69 LLC,https://www.urbanhive69.com,Hospitality,50,50000,USD,+91 9848668783,accounts@urbanhive69.com,London,Singapore,Canada,047056,salesrep2,Inbound,2026-04-23,2026-03-29,Imported from event attendee list,newline_in_field,Intentional CRM import test case: newline_in_field
COMP-000070,DataNest 70 Inc,https://www.datanest70.com,Consulting,500,100000,SGD,+91 9825405014,accounts@datanest70.com,Singapore,London,Germany,039466,salesrep2,Referral,2026-03-04,2026-03-20,Imported from event attendee list,unknown_picklist_value,Intentional CRM import test case: unknown_picklist_value
COMP-000071,QuantumWorks 71 Inc,https://www.quantumworks71.com,FinTech,1000,250000,EUR,+91 9886397676,accounts@quantumworks71.com,Chennai,Maharashtra,USA,067560,Divyaraj,Inbound,2025-11-16,2026-04-22,Imported from event attendee list,future_close_date,Intentional CRM import test case: future_close_date
COMP-000072,Silverline 72 Technologies,https://www.silverline72.com,Logistics,250,500000,SGD,+91 9820796722,accounts@silverline72.com,Pune,London,UAE,015224,Maya,Event Booth,2025-12-08,2026-04-25,Imported from event attendee list,negative_deal_value,Intentional CRM import test case: negative_deal_value
COMP-000073,Redwood 73 Pvt Ltd,https://www.redwood73.com,Consulting,250,50000,GBP,+91 9887342561,accounts@redwood73.com,Delhi,Tamil Nadu,USA,032962,Maya,Inbound,2026-03-01,2026-04-30,Imported from event attendee list,personal_email_for_business_contact,Intentional CRM import test case: personal_email_for_business_contact
COMP-000074,Zenith 74 Solutions,https://www.zenith74.com,Hospitality,10,500000,GBP,+91 9864807553,accounts@zenith74.com,Singapore,Maharashtra,UAE,052081,salesrep2,Webinar,2026-03-31,2026-04-20,Imported from event attendee list,company_suffix_variation,Intentional CRM import test case: company_suffix_variation
COMP-000075,AlphaCore 75 LLC,https://www.alphacore75.com,Real Estate,1000,1000000,INR,+91 9871045700,accounts@alphacore75.com,Pune,Tamil Nadu,Canada,051224,Kiran,Event Booth,2026-04-12,2026-03-23,Imported from event attendee list,duplicate_with_different_case,Intentional CRM import test case: duplicate_with_different_case
COMP-000076,MetricBee 76 LLC,https://www.metricbee76.com,Logistics,100,500000,INR,+91 9835176902,accounts@metricbee76.com,Singapore,London,India,057419,Sales Rep 1,Inbound,2025-12-02,2026-04-13,Key account ⭐,emoji_in_field,Intentional CRM import test case: emoji_in_field
COMP-000077,FutureFlow 77 Pvt Ltd,www.futureflow77.com,Logistics,25,250000,SGD,+91 9875056916,accounts@futureflow77.com,Pune,Tamil Nadu,Singapore,013783,salesrep2,LinkedIn,2026-04-01,2026-04-22,Imported from event attendee list,url_missing_protocol,Intentional CRM import test case: url_missing_protocol
COMP-000078,PeoplePulse 78 Solutions,https://www.peoplepulse78.com,Real Estate,10,100000,INR,+91 9871934487,accounts@peoplepulse78.com,New York,Tamil Nadu,India,94896,,Referral,2026-01-04,2026-03-13,Imported from event attendee list,postal_code_as_number,Intentional CRM import test case: postal_code_as_number
COMP-000079,SwiftOps 79 Technologies,https://www.swiftops79.com,Select Industry,100,500000,SGD,+91 9842713008,accounts@swiftops79.com,New York,California,Germany,082255,Anu,Partner,2026-03-24,2026-03-14,Imported from event attendee list,placeholder_text,Intentional CRM import test case: placeholder_text
COMP-000080,ClearPath 80 Solutions,https://www.clearpath80.com,Retail,1000,500000,GBP,+91 9878147397,accounts@clearpath80.com,Bengaluru,Maharashtra,United Kingdom,010336,,Cold Email,2025-12-12,2026-04-04,Imported from event attendee list,blank_owner,Intentional CRM import test case: blank_owner
COMP-000081,,https://www.acme81.com,Hospitality,250,500000,GBP,+91 9854619335,accounts@acme81.com,Mumbai,London,Canada,081228,Maya,Inbound,2026-02-18,2026-03-17,Imported from event attendee list,missing_required_field,Intentional CRM import test case: missing_required_field
COMP-000082,BluePeak 82 Inc,https://www.bluepeak82.com,Real Estate,25,500000,INR,+91 9852704903,accounts@@example..com,London,Singapore,Singapore,071993,salesrep2,Partner,2026-02-02,2026-03-30,Imported from event attendee list,invalid_email,Intentional CRM import test case: invalid_email
COMP-000001,Northstar 83 Technologies,https://www.northstar83.com,SaaS,25,1000000,EUR,+91 9854559574,accounts@northstar83.com,Kochi,Tamil Nadu,United Kingdom,067711,Divyaraj,Inbound,2026-05-08,2026-03-26,Imported from event attendee list,duplicate_record,Intentional CRM import test case: duplicate_record
COMP-000084,Vertex 84 Inc,https://www.vertex84.com,FinTech,10,500000,GBP,+91 9855440919,accounts@vertex84.com,Singapore,London,UAE,062098,salesrep2,Webinar,2026-02-16,2026-03-18,Imported from event attendee list,typo_in_domain,Intentional CRM import test case: typo_in_domain
COMP-000085,  Nimbus 85 Technologies   ,https://www.nimbus85.com,Hospitality,1000,1000000,INR,+91 9892874006,accounts@nimbus85.com,Hyderabad,Tamil Nadu,UAE,040771,salesrep2,Cold Email,2026-03-14,2026-03-25,Imported from event attendee list,extra_spaces,Intentional CRM import test case: extra_spaces
COMP-000086,BRIGHTEDGE 86 PVT LTD,https://www.brightedge86.com,Healthcare,100,100000,GBP,+91 9813885234,accounts@brightedge86.com,Bengaluru,Tamil Nadu,UAE,052516,,Trade Show,2026-02-25,2026-04-19,Imported from event attendee list,mixed_case,Intentional CRM import test case: mixed_case
COMP-000087,CloudNova 87 Ltd,https://www.cloudnova87.com,Education,250,500000,EUR,+91 9834166826,accounts@cloudnova87.com,Mumbai,Karnataka,UAE,032946,Divyaraj,Partner,"May 11th, 26",2026-03-29,Imported from event attendee list,wrong_date_format,Intentional CRM import test case: wrong_date_format
COMP-000088,GreenLeaf 88 Inc,https://www.greenleaf88.com,FinTech,25,500000,GBP,+91-INVALID,accounts@greenleaf88.com,London,Maharashtra,Canada,097404,Divyaraj,Inbound,2026-02-27,2026-03-29,Imported from event attendee list,invalid_phone,Intentional CRM import test case: invalid_phone
COMP-000089,UrbanHive 89 Solutions,https://www.urbanhive89.com,Hospitality,50,1000000,GBP,+91 9895756900,accounts@urbanhive89.com,Coimbatore,California,USA,042780,Maya,Cold Email,2026-03-22,2026-04-17,Imported from event attendee list,country_city_mismatch,Intentional CRM import test case: country_city_mismatch
COMP-000090,DataNest 90 LLC,https://www.datanest90.com,Real Estate,250,"INR 10,00,000",EUR,+91 9849711319,accounts@datanest90.com,Delhi,Singapore,USA,048696,Divyaraj,Partner,2026-03-02,2026-05-11,Imported from event attendee list,wrong_currency_format,Intentional CRM import test case: wrong_currency_format
COMP-000091,QuantumWorks 91 Solutions,https://www.quantumworks91.com,Hospitality,fifty,250000,USD,+91 9891478884,accounts@quantumworks91.com,London,Maharashtra,India,038705,salesrep2,LinkedIn,2025-12-04,2026-04-25,Imported from event attendee list,invalid_number_text,Intentional CRM import test case: invalid_number_text
COMP-000092,Silverline 92 Technologies,https://www.silverline92.com,Healthcare,500,2500000,INR,+91 9851464269,accounts@silverline92.com,Singapore,California,United Kingdom,014373,Sales Rep 1,Event Booth,2026-04-08,2026-05-06,Imported from event attendee list,bad_lookup_reference,Intentional CRM import test case: bad_lookup_reference
COMP-000093,Redwood 93 Ltd,https://www.redwood93.com,FinTech,25,100000,EUR,+91 9859104566,accounts@redwood93.com,Coimbatore,London,Australia,075771,Kiran,Referral,2026-03-07,2026-03-14,Imported from event attendee list,merged_fields,Intentional CRM import test case: merged_fields
COMP-000094,Zenith 94 LLC & Sons/Partners #1,https://www.zenith94.com,Healthcare,100,50000,USD,+91 9840281491,accounts@zenith94.com,Hyderabad,Singapore,Germany,098395,Maya,Event Booth,2026-04-18,2026-03-22,Imported from event attendee list,special_characters,Intentional CRM import test case: special_characters
COMP-000095,AlphaCore 95 LLC,https://www.alphacore95.com,Logistics,10,500000,GBP,+91 9845186708,accounts@alphacore95.com,Pune,London,India,059941,,Event Booth,2026-04-14,2026-03-29,Imported from event attendee list,leading_zero_lost,Intentional CRM import test case: leading_zero_lost
COMP-000096,MetricBee 96 Inc,https://www.metricbee96.com,Consulting,250,250000,EUR,+91 9839711402,accounts@metricbee96.com,Chennai,Singapore,Canada,018285,salesrep2,Inbound,2025-11-13,2026-04-22,Imported from event attendee list,newline_in_field,Intentional CRM import test case: newline_in_field
COMP-000097,FutureFlow 97 Technologies,https://www.futureflow97.com,FinTech,10,50000,GBP,+91 9876118957,accounts@futureflow97.com,Bengaluru,Tamil Nadu,UAE,022739,Anu,Referral,2026-02-01,2026-04-12,Imported from event attendee list,unknown_picklist_value,Intentional CRM import test case: unknown_picklist_value
COMP-000098,PeoplePulse 98 Ltd,https://www.peoplepulse98.com,FinTech,100,2500000,INR,+91 9875679047,accounts@peoplepulse98.com,London,London,UAE,063492,Kiran,Trade Show,2025-11-16,2026-04-18,Imported from event attendee list,future_close_date,Intentional CRM import test case: future_close_date
COMP-000099,SwiftOps 99 Inc,https://www.swiftops99.com,Education,1000,250000,INR,+91 9859302863,accounts@swiftops99.com,Kochi,London,Canada,094518,Kiran,Trade Show,2026-01-30,2026-04-24,Imported from event attendee list,negative_deal_value,Intentional CRM import test case: negative_deal_value
COMP-000100,ClearPath 100 Inc,https://www.clearpath100.com,Healthcare,500,100000,EUR,+91 9812866549,accounts@clearpath100.com,Kochi,Tamil Nadu,USA,053713,Anu,Referral,2025-12-18,2026-04-28,Imported from event attendee list,personal_email_for_business_contact,Intentional CRM import test case: personal_email_for_business_contact
COMP-000101,Acme 101 Private Limited,https://www.acme101.com,Education,1000,100000,GBP,+91 9829804386,accounts@acme101.com,London,London,Singapore,010371,Kiran,Referral,2026-04-08,2026-04-07,Imported from event attendee list,company_suffix_variation,Intentional CRM import test case: company_suffix_variation
COMP-000102,BluePeak 102 Ltd,https://www.bluepeak102.com,SaaS,25,50000,GBP,+91 9841934639,accounts@bluepeak102.com,Bengaluru,London,United Kingdom,052437,Divyaraj,Referral,2026-03-05,2026-05-08,Imported from event attendee list,duplicate_with_different_case,Intentional CRM import test case: duplicate_with_different_case
COMP-000103,Northstar 103 Inc,https://www.northstar103.com,Healthcare,500,50000,SGD,+91 9870166480,accounts@northstar103.com,New York,Maharashtra,UAE,077271,Sales Rep 1,Webinar,2026-01-16,2026-04-09,Key account ⭐,emoji_in_field,Intentional CRM import test case: emoji_in_field
COMP-000104,Vertex 104 Inc,www.vertex104.com,Logistics,50,500000,INR,+91 9818163847,accounts@vertex104.com,Singapore,California,India,062640,Maya,Webinar,2026-01-06,2026-03-27,Imported from event attendee list,url_missing_protocol,Intentional CRM import test case: url_missing_protocol
COMP-000105,Nimbus 105 LLC,https://www.nimbus105.com,Manufacturing,250,100000,INR,+91 9826937148,accounts@nimbus105.com,Bengaluru,Maharashtra,USA,91830,salesrep2,Event Booth,2026-02-03,2026-04-03,Imported from event attendee list,postal_code_as_number,Intentional CRM import test case: postal_code_as_number
COMP-000106,BrightEdge 106 Solutions,https://www.brightedge106.com,Select Industry,250,500000,INR,+91 9825356396,accounts@brightedge106.com,Kochi,Singapore,Germany,095316,,LinkedIn,2026-01-21,2026-04-13,Imported from event attendee list,placeholder_text,Intentional CRM import test case: placeholder_text
COMP-000107,CloudNova 107 Inc,https://www.cloudnova107.com,Hospitality,100,500000,INR,+91 9851949529,accounts@cloudnova107.com,Hyderabad,California,UAE,050963,,Cold Email,2026-02-05,2026-05-02,Imported from event attendee list,blank_owner,Intentional CRM import test case: blank_owner
COMP-000108,,https://www.greenleaf108.com,Healthcare,1000,50000,INR,+91 9867965485,accounts@greenleaf108.com,Bengaluru,Tamil Nadu,Canada,058843,,Referral,2025-12-20,2026-05-08,Imported from event attendee list,missing_required_field,Intentional CRM import test case: missing_required_field
COMP-000109,UrbanHive 109 Solutions,https://www.urbanhive109.com,Healthcare,100,250000,SGD,+91 9816904975,accounts@@example..com,Singapore,Maharashtra,Australia,088696,Kiran,Event Booth,2026-04-15,2026-04-05,Imported from event attendee list,invalid_email,Intentional CRM import test case: invalid_email
COMP-000001,DataNest 110 Solutions,https://www.datanest110.com,Hospitality,25,50000,GBP,+91 9884660688,accounts@datanest110.com,Mumbai,Maharashtra,Singapore,025058,,Cold Email,2025-12-16,2026-04-27,Imported from event attendee list,duplicate_record,Intentional CRM import test case: duplicate_record
COMP-000111,QuantumWorks 111 LLC,https://www.quantumworks111.com,Retail,10,100000,GBP,+91 9851471222,accounts@quantumworks111.com,London,Maharashtra,India,056009,Divyaraj,Referral,2026-04-05,2026-04-05,Imported from event attendee list,typo_in_domain,Intentional CRM import test case: typo_in_domain
COMP-000112,  Silverline 112 Technologies   ,https://www.silverline112.com,FinTech,500,2500000,INR,+91 9822315507,accounts@silverline112.com,Bengaluru,Singapore,UAE,079531,Anu,Partner,2026-01-24,2026-04-12,Imported from event attendee list,extra_spaces,Intentional CRM import test case: extra_spaces
COMP-000113,REDWOOD 113 LTD,https://www.redwood113.com,Retail,500,250000,EUR,+91 9890023800,accounts@redwood113.com,Hyderabad,Tamil Nadu,United Kingdom,016895,Anu,Referral,2025-12-04,2026-05-08,Imported from event attendee list,mixed_case,Intentional CRM import test case: mixed_case
COMP-000114,Zenith 114 Technologies,https://www.zenith114.com,Hospitality,500,500000,SGD,+91 9891480362,accounts@zenith114.com,Pune,California,USA,064287,Kiran,LinkedIn,"May 11th, 26",2026-05-04,Imported from event attendee list,wrong_date_format,Intentional CRM import test case: wrong_date_format
COMP-000115,AlphaCore 115 Ltd,https://www.alphacore115.com,Retail,500,2500000,EUR,+91-INVALID,accounts@alphacore115.com,Bengaluru,London,UAE,097442,Kiran,Trade Show,2026-03-16,2026-04-16,Imported from event attendee list,invalid_phone,Intentional CRM import test case: invalid_phone
COMP-000116,MetricBee 116 Solutions,https://www.metricbee116.com,Education,50,100000,USD,+91 9844295247,accounts@metricbee116.com,Coimbatore,Maharashtra,USA,053007,Divyaraj,Trade Show,2026-01-04,2026-03-25,Imported from event attendee list,country_city_mismatch,Intentional CRM import test case: country_city_mismatch
COMP-000117,FutureFlow 117 LLC,https://www.futureflow117.com,Real Estate,250,"INR 10,00,000",USD,+91 9877144075,accounts@futureflow117.com,Mumbai,London,United Kingdom,097562,,Event Booth,2026-04-23,2026-04-16,Imported from event attendee list,wrong_currency_format,Intentional CRM import test case: wrong_currency_format
COMP-000118,PeoplePulse 118 Technologies,https://www.peoplepulse118.com,SaaS,fifty,50000,GBP,+91 9887277086,accounts@peoplepulse118.com,Coimbatore,California,India,085156,Maya,Partner,2026-02-26,2026-05-04,Imported from event attendee list,invalid_number_text,Intentional CRM import test case: invalid_number_text
COMP-000119,SwiftOps 119 LLC,https://www.swiftops119.com,FinTech,1000,1000000,SGD,+91 9858567046,accounts@swiftops119.com,Hyderabad,Tamil Nadu,India,067240,,Webinar,2026-03-10,2026-04-14,Imported from event attendee list,bad_lookup_reference,Intentional CRM import test case: bad_lookup_reference
COMP-000120,ClearPath 120 Solutions,https://www.clearpath120.com,Healthcare,100,250000,GBP,+91 9839738898,accounts@clearpath120.com,New York,Maharashtra,UAE,032037,Divyaraj,Webinar,2025-12-27,2026-04-09,Imported from event attendee list,merged_fields,Intentional CRM import test case: merged_fields
COMP-000121,Acme 121 Inc & Sons/Partners #1,https://www.acme121.com,FinTech,25,50000,USD,+91 9844355473,accounts@acme121.com,Hyderabad,Karnataka,Australia,032740,Sales Rep 1,Referral,2025-11-25,2026-05-07,Imported from event attendee list,special_characters,Intentional CRM import test case: special_characters
COMP-000122,BluePeak 122 Inc,https://www.bluepeak122.com,Consulting,1000,1000000,SGD,+91 9885764804,accounts@bluepeak122.com,Kochi,Singapore,Canada,093269,Sales Rep 1,Event Booth,2025-12-02,2026-04-21,Imported from event attendee list,leading_zero_lost,Intentional CRM import test case: leading_zero_lost
COMP-000123,Northstar 123 Inc,https://www.northstar123.com,Hospitality,100,2500000,GBP,+91 9846866075,accounts@northstar123.com,Bengaluru,London,Canada,017362,Kiran,Webinar,2026-02-21,2026-04-12,Imported from event attendee list,newline_in_field,Intentional CRM import test case: newline_in_field
COMP-000124,Vertex 124 LLC,https://www.vertex124.com,Manufacturing,1000,250000,INR,+91 9896525668,accounts@vertex124.com,Chennai,Tamil Nadu,India,090610,Sales Rep 1,Partner,2026-01-13,2026-04-04,Imported from event attendee list,unknown_picklist_value,Intentional CRM import test case: unknown_picklist_value
COMP-000125,Nimbus 125 Solutions,https://www.nimbus125.com,Consulting,500,100000,GBP,+91 9891202508,accounts@nimbus125.com,Kochi,California,India,075715,Anu,Trade Show,2026-01-16,2026-05-05,Imported from event attendee list,future_close_date,Intentional CRM import test case: future_close_date
COMP-000126,BrightEdge 126 Ltd,https://www.brightedge126.com,FinTech,10,100000,SGD,+91 9868978194,accounts@brightedge126.com,New York,London,USA,078517,Sales Rep 1,Referral,2026-02-07,2026-04-18,Imported from event attendee list,negative_deal_value,Intentional CRM import test case: negative_deal_value
COMP-000127,CloudNova 127 Ltd,https://www.cloudnova127.com,Manufacturing,500,1000000,INR,+91 9894676162,accounts@cloudnova127.com,Coimbatore,Singapore,UAE,053863,Divyaraj,Event Booth,2026-04-17,2026-04-06,Imported from event attendee list,personal_email_for_business_contact,Intentional CRM import test case: personal_email_for_business_contact
COMP-000128,GreenLeaf 128 Technologies,https://www.greenleaf128.com,Retail,500,2500000,EUR,+91 9830182766,accounts@greenleaf128.com,Pune,Maharashtra,UAE,020682,Sales Rep 1,Referral,2026-02-11,2026-04-22,Imported from event attendee list,company_suffix_variation,Intentional CRM import test case: company_suffix_variation
COMP-000129,UrbanHive 129 Technologies,https://www.urbanhive129.com,Consulting,500,50000,GBP,+91 9885017250,accounts@urbanhive129.com,Mumbai,California,UAE,094343,,Event Booth,2026-04-09,2026-03-30,Imported from event attendee list,duplicate_with_different_case,Intentional CRM import test case: duplicate_with_different_case
COMP-000130,DataNest 130 Technologies,https://www.datanest130.com,Real Estate,250,250000,INR,+91 9858667035,accounts@datanest130.com,Singapore,Maharashtra,USA,033627,Anu,Event Booth,2026-01-07,2026-04-29,Key account ⭐,emoji_in_field,Intentional CRM import test case: emoji_in_field
COMP-000131,QuantumWorks 131 Inc,www.quantumworks131.com,Healthcare,50,50000,EUR,+91 9882446804,accounts@quantumworks131.com,Mumbai,Singapore,United Kingdom,079013,Divyaraj,Event Booth,2025-12-04,2026-05-03,Imported from event attendee list,url_missing_protocol,Intentional CRM import test case: url_missing_protocol
COMP-000132,Silverline 132 Solutions,https://www.silverline132.com,FinTech,25,2500000,EUR,+91 9832218290,accounts@silverline132.com,Mumbai,Singapore,UAE,67366,Divyaraj,Partner,2026-02-07,2026-03-29,Imported from event attendee list,postal_code_as_number,Intentional CRM import test case: postal_code_as_number
COMP-000133,Redwood 133 Technologies,https://www.redwood133.com,Select Industry,50,2500000,SGD,+91 9841407343,accounts@redwood133.com,Kochi,London,Singapore,041348,Kiran,Inbound,2026-03-23,2026-04-18,Imported from event attendee list,placeholder_text,Intentional CRM import test case: placeholder_text
COMP-000134,Zenith 134 Technologies,https://www.zenith134.com,Retail,1000,500000,EUR,+91 9880794454,accounts@zenith134.com,Kochi,California,Canada,031241,,LinkedIn,2025-12-08,2026-05-03,Imported from event attendee list,blank_owner,Intentional CRM import test case: blank_owner
COMP-000135,,https://www.alphacore135.com,Hospitality,1000,250000,EUR,+91 9823769360,accounts@alphacore135.com,Singapore,Singapore,India,077621,,Webinar,2026-02-28,2026-05-06,Imported from event attendee list,missing_required_field,Intentional CRM import test case: missing_required_field
COMP-000136,MetricBee 136 Inc,https://www.metricbee136.com,Logistics,25,500000,INR,+91 9839801436,accounts@@example..com,Kochi,California,Germany,055820,Divyaraj,Partner,2026-04-28,2026-04-16,Imported from event attendee list,invalid_email,Intentional CRM import test case: invalid_email
COMP-000001,FutureFlow 137 Solutions,https://www.futureflow137.com,Real Estate,10,250000,USD,+91 9813783268,accounts@futureflow137.com,Delhi,Maharashtra,Australia,022987,,Event Booth,2026-04-04,2026-05-03,Imported from event attendee list,duplicate_record,Intentional CRM import test case: duplicate_record
COMP-000138,PeoplePulse 138 Pvt Ltd,https://www.peoplepulse138.com,FinTech,1000,2500000,SGD,+91 9870210270,accounts@peoplepulse138.com,Kochi,London,Germany,010688,Divyaraj,Trade Show,2026-03-07,2026-04-28,Imported from event attendee list,typo_in_domain,Intentional CRM import test case: typo_in_domain
COMP-000139,  SwiftOps 139 Inc   ,https://www.swiftops139.com,Retail,25,250000,INR,+91 9816408822,accounts@swiftops139.com,Bengaluru,Karnataka,UAE,065027,salesrep2,Inbound,2026-04-25,2026-05-04,Imported from event attendee list,extra_spaces,Intentional CRM import test case: extra_spaces
COMP-000140,CLEARPATH 140 LLC,https://www.clearpath140.com,Logistics,250,100000,USD,+91 9849093864,accounts@clearpath140.com,Singapore,California,India,010205,Sales Rep 1,Event Booth,2026-03-11,2026-04-05,Imported from event attendee list,mixed_case,Intentional CRM import test case: mixed_case
COMP-000141,Acme 141 LLC,https://www.acme141.com,Healthcare,250,250000,INR,+91 9880606503,accounts@acme141.com,Singapore,London,United Kingdom,076496,,Trade Show,"May 11th, 26",2026-03-17,Imported from event attendee list,wrong_date_format,Intentional CRM import test case: wrong_date_format
COMP-000142,BluePeak 142 LLC,https://www.bluepeak142.com,Real Estate,50,250000,INR,+91-INVALID,accounts@bluepeak142.com,Singapore,Tamil Nadu,India,055193,Anu,Webinar,2025-12-14,2026-03-25,Imported from event attendee list,invalid_phone,Intentional CRM import test case: invalid_phone
COMP-000143,Northstar 143 Ltd,https://www.northstar143.com,Manufacturing,250,250000,USD,+91 9872360629,accounts@northstar143.com,Coimbatore,Singapore,USA,072722,salesrep2,Referral,2026-04-07,2026-05-07,Imported from event attendee list,country_city_mismatch,Intentional CRM import test case: country_city_mismatch
COMP-000144,Vertex 144 Technologies,https://www.vertex144.com,Retail,25,"INR 10,00,000",USD,+91 9815624520,accounts@vertex144.com,Chennai,Maharashtra,Canada,050642,Sales Rep 1,Partner,2025-12-23,2026-04-11,Imported from event attendee list,wrong_currency_format,Intentional CRM import test case: wrong_currency_format
COMP-000145,Nimbus 145 Ltd,https://www.nimbus145.com,Education,fifty,250000,INR,+91 9898010774,accounts@nimbus145.com,Singapore,Maharashtra,India,045811,Divyaraj,Event Booth,2026-01-20,2026-03-16,Imported from event attendee list,invalid_number_text,Intentional CRM import test case: invalid_number_text
COMP-000146,BrightEdge 146 LLC,https://www.brightedge146.com,Manufacturing,25,500000,SGD,+91 9859304469,accounts@brightedge146.com,Coimbatore,London,Canada,044959,,Webinar,2026-01-23,2026-05-06,Imported from event attendee list,bad_lookup_reference,Intentional CRM import test case: bad_lookup_reference
COMP-000147,CloudNova 147 LLC,https://www.cloudnova147.com,Retail,50,50000,INR,+91 9854012664,accounts@cloudnova147.com,New York,Singapore,United Kingdom,048750,Kiran,Inbound,2025-12-08,2026-03-27,Imported from event attendee list,merged_fields,Intentional CRM import test case: merged_fields
COMP-000148,GreenLeaf 148 LLC & Sons/Partners #1,https://www.greenleaf148.com,Manufacturing,100,50000,GBP,+91 9892523968,accounts@greenleaf148.com,Kochi,California,United Kingdom,045986,salesrep2,Trade Show,2026-04-22,2026-03-30,Imported from event attendee list,special_characters,Intentional CRM import test case: special_characters
COMP-000149,UrbanHive 149 Technologies,https://www.urbanhive149.com,Logistics,1000,2500000,USD,+91 9814179623,accounts@urbanhive149.com,Hyderabad,Karnataka,UAE,089635,salesrep2,Inbound,2026-05-03,2026-05-03,Imported from event attendee list,leading_zero_lost,Intentional CRM import test case: leading_zero_lost
COMP-000150,DataNest 150 Pvt Ltd,https://www.datanest150.com,Manufacturing,50,500000,EUR,+91 9814346684,accounts@datanest150.com,Singapore,London,Singapore,030111,salesrep2,Inbound,2026-02-06,2026-04-18,Imported from event attendee list,newline_in_field,Intentional CRM import test case: newline_in_field
COMP-000151,QuantumWorks 151 LLC,https://www.quantumworks151.com,FinTech,250,250000,SGD,+91 9852196099,accounts@quantumworks151.com,London,Singapore,USA,046528,Anu,Webinar,2026-05-05,2026-03-25,Imported from event attendee list,unknown_picklist_value,Intentional CRM import test case: unknown_picklist_value
COMP-000152,Silverline 152 Inc,https://www.silverline152.com,Real Estate,250,50000,GBP,+91 9844935501,accounts@silverline152.com,New York,Singapore,Canada,068493,Anu,Cold Email,2025-11-15,2026-03-14,Imported from event attendee list,future_close_date,Intentional CRM import test case: future_close_date
COMP-000153,Redwood 153 LLC,https://www.redwood153.com,FinTech,1000,50000,SGD,+91 9833173544,accounts@redwood153.com,Bengaluru,Singapore,Singapore,068341,Divyaraj,Event Booth,2025-11-22,2026-04-19,Imported from event attendee list,negative_deal_value,Intentional CRM import test case: negative_deal_value
COMP-000154,Zenith 154 Technologies,https://www.zenith154.com,Logistics,50,250000,USD,+91 9895590648,accounts@zenith154.com,New York,Karnataka,USA,057381,Sales Rep 1,LinkedIn,2026-04-10,2026-04-29,Imported from event attendee list,personal_email_for_business_contact,Intentional CRM import test case: personal_email_for_business_contact
COMP-000155,AlphaCore 155 Inc,https://www.alphacore155.com,SaaS,50,1000000,EUR,+91 9859514418,accounts@alphacore155.com,Kochi,California,Singapore,082305,Anu,Webinar,2026-04-25,2026-04-22,Imported from event attendee list,company_suffix_variation,Intentional CRM import test case: company_suffix_variation
COMP-000156,MetricBee 156 LLC,https://www.metricbee156.com,Real Estate,1000,500000,EUR,+91 9819898653,accounts@metricbee156.com,New York,Karnataka,Canada,051553,salesrep2,Webinar,2026-01-16,2026-04-12,Imported from event attendee list,duplicate_with_different_case,Intentional CRM import test case: duplicate_with_different_case
COMP-000157,FutureFlow 157 Technologies,https://www.futureflow157.com,Logistics,500,1000000,USD,+91 9827318510,accounts@futureflow157.com,Mumbai,California,Australia,075911,,Trade Show,2026-04-10,2026-04-08,Key account ⭐,emoji_in_field,Intentional CRM import test case: emoji_in_field
COMP-000158,PeoplePulse 158 Inc,www.peoplepulse158.com,FinTech,50,2500000,USD,+91 9856442431,accounts@peoplepulse158.com,Mumbai,London,Germany,047230,,Webinar,2026-03-08,2026-04-29,Imported from event attendee list,url_missing_protocol,Intentional CRM import test case: url_missing_protocol
COMP-000159,SwiftOps 159 Technologies,https://www.swiftops159.com,Retail,250,1000000,INR,+91 9877454225,accounts@swiftops159.com,Mumbai,Singapore,Germany,32103,Sales Rep 1,Referral,2026-03-29,2026-03-30,Imported from event attendee list,postal_code_as_number,Intentional CRM import test case: postal_code_as_number
COMP-000160,ClearPath 160 Solutions,https://www.clearpath160.com,Select Industry,1000,50000,INR,+91 9816101779,accounts@clearpath160.com,London,Singapore,Australia,085598,Kiran,LinkedIn,2025-12-16,2026-04-15,Imported from event attendee list,placeholder_text,Intentional CRM import test case: placeholder_text
COMP-000161,Acme 161 Solutions,https://www.acme161.com,Logistics,50,2500000,GBP,+91 9874819756,accounts@acme161.com,Kochi,Karnataka,India,099783,,Cold Email,2026-01-15,2026-05-07,Imported from event attendee list,blank_owner,Intentional CRM import test case: blank_owner
COMP-000162,,https://www.bluepeak162.com,Hospitality,100,500000,SGD,+91 9837383505,accounts@bluepeak162.com,Mumbai,Maharashtra,India,089516,Anu,Event Booth,2026-02-19,2026-03-26,Imported from event attendee list,missing_required_field,Intentional CRM import test case: missing_required_field
COMP-000163,Northstar 163 Ltd,https://www.northstar163.com,Manufacturing,250,1000000,INR,+91 9852831009,accounts@@example..com,Mumbai,Karnataka,UAE,071141,Divyaraj,Cold Email,2026-01-16,2026-04-26,Imported from event attendee list,invalid_email,Intentional CRM import test case: invalid_email
COMP-000001,Vertex 164 Inc,https://www.vertex164.com,Retail,100,1000000,SGD,+91 9843322272,accounts@vertex164.com,Chennai,Karnataka,USA,052917,Sales Rep 1,Event Booth,2026-03-24,2026-03-24,Imported from event attendee list,duplicate_record,Intentional CRM import test case: duplicate_record
COMP-000165,Nimbus 165 Inc,https://www.nimbus165.com,Hospitality,100,250000,SGD,+91 9813110670,accounts@nimbus165.com,New York,Tamil Nadu,Canada,061543,Sales Rep 1,Inbound,2026-03-11,2026-04-28,Imported from event attendee list,typo_in_domain,Intentional CRM import test case: typo_in_domain
COMP-000166,  BrightEdge 166 Solutions   ,https://www.brightedge166.com,SaaS,50,500000,EUR,+91 9897813295,accounts@brightedge166.com,Chennai,Singapore,Australia,071680,Kiran,Trade Show,2026-04-14,2026-04-14,Imported from event attendee list,extra_spaces,Intentional CRM import test case: extra_spaces
COMP-000167,CLOUDNOVA 167 INC,https://www.cloudnova167.com,Real Estate,50,50000,SGD,+91 9816866268,accounts@cloudnova167.com,Hyderabad,London,Germany,083638,Anu,Event Booth,2025-12-21,2026-04-23,Imported from event attendee list,mixed_case,Intentional CRM import test case: mixed_case
COMP-000168,GreenLeaf 168 Pvt Ltd,https://www.greenleaf168.com,Hospitality,1000,1000000,GBP,+91 9893650068,accounts@greenleaf168.com,New York,Singapore,UAE,090090,Divyaraj,Referral,"May 11th, 26",2026-04-16,Imported from event attendee list,wrong_date_format,Intentional CRM import test case: wrong_date_format
COMP-000169,UrbanHive 169 Ltd,https://www.urbanhive169.com,Manufacturing,1000,100000,USD,+91-INVALID,accounts@urbanhive169.com,New York,London,Australia,062610,Sales Rep 1,Trade Show,2026-04-30,2026-05-09,Imported from event attendee list,invalid_phone,Intentional CRM import test case: invalid_phone
COMP-000170,DataNest 170 Inc,https://www.datanest170.com,Logistics,100,100000,EUR,+91 9879190008,accounts@datanest170.com,Coimbatore,Karnataka,USA,052987,Sales Rep 1,Event Booth,2026-03-31,2026-04-16,Imported from event attendee list,country_city_mismatch,Intentional CRM import test case: country_city_mismatch
COMP-000171,QuantumWorks 171 Solutions,https://www.quantumworks171.com,Manufacturing,250,"INR 10,00,000",EUR,+91 9875746104,accounts@quantumworks171.com,London,Singapore,Germany,083783,Kiran,Inbound,2026-05-07,2026-04-18,Imported from event attendee list,wrong_currency_format,Intentional CRM import test case: wrong_currency_format
COMP-000172,Silverline 172 Ltd,https://www.silverline172.com,Consulting,fifty,2500000,INR,+91 9890115852,accounts@silverline172.com,Coimbatore,California,USA,044803,salesrep2,LinkedIn,2026-04-28,2026-04-04,Imported from event attendee list,invalid_number_text,Intentional CRM import test case: invalid_number_text
COMP-000173,Redwood 173 LLC,https://www.redwood173.com,Consulting,1000,500000,USD,+91 9842507072,accounts@redwood173.com,New York,Tamil Nadu,United Kingdom,085047,salesrep2,Webinar,2026-03-24,2026-05-10,Imported from event attendee list,bad_lookup_reference,Intentional CRM import test case: bad_lookup_reference
COMP-000174,Zenith 174 LLC,https://www.zenith174.com,FinTech,100,2500000,USD,+91 9865079923,accounts@zenith174.com,Coimbatore,London,Australia,090147,Maya,Trade Show,2025-11-12,2026-05-03,Imported from event attendee list,merged_fields,Intentional CRM import test case: merged_fields
COMP-000175,AlphaCore 175 Solutions & Sons/Partners #1,https://www.alphacore175.com,Manufacturing,500,500000,EUR,+91 9860576565,accounts@alphacore175.com,New York,Maharashtra,Singapore,032699,Maya,Event Booth,2025-12-23,2026-04-19,Imported from event attendee list,special_characters,Intentional CRM import test case: special_characters
COMP-000176,MetricBee 176 Technologies,https://www.metricbee176.com,Hospitality,25,100000,GBP,+91 9884905122,accounts@metricbee176.com,London,Maharashtra,Germany,039473,Kiran,Cold Email,2025-11-12,2026-04-28,Imported from event attendee list,leading_zero_lost,Intentional CRM import test case: leading_zero_lost
COMP-000177,FutureFlow 177 Technologies,https://www.futureflow177.com,Hospitality,50,1000000,GBP,+91 9848626436,accounts@futureflow177.com,Hyderabad,Tamil Nadu,Canada,085166,salesrep2,Partner,2026-01-30,2026-03-20,Imported from event attendee list,newline_in_field,Intentional CRM import test case: newline_in_field
COMP-000178,PeoplePulse 178 Ltd,https://www.peoplepulse178.com,SaaS,50,2500000,INR,+91 9856488123,accounts@peoplepulse178.com,Pune,California,United Kingdom,095979,Kiran,Inbound,2026-03-18,2026-04-29,Imported from event attendee list,unknown_picklist_value,Intentional CRM import test case: unknown_picklist_value
COMP-000179,SwiftOps 179 Solutions,https://www.swiftops179.com,Retail,25,50000,EUR,+91 9888763056,accounts@swiftops179.com,New York,Karnataka,Germany,041779,Divyaraj,LinkedIn,2025-11-29,2026-04-27,Imported from event attendee list,future_close_date,Intentional CRM import test case: future_close_date
COMP-000180,ClearPath 180 Pvt Ltd,https://www.clearpath180.com,Manufacturing,500,500000,INR,+91 9828450513,accounts@clearpath180.com,Coimbatore,Tamil Nadu,USA,082135,Anu,Partner,2025-11-25,2026-03-13,Imported from event attendee list,negative_deal_value,Intentional CRM import test case: negative_deal_value
COMP-000181,Acme 181 LLC,https://www.acme181.com,Education,1000,250000,GBP,+91 9848307798,accounts@acme181.com,Singapore,Singapore,Canada,017754,,Webinar,2025-11-26,2026-04-05,Imported from event attendee list,personal_email_for_business_contact,Intentional CRM import test case: personal_email_for_business_contact
COMP-000182,BluePeak 182 Inc,https://www.bluepeak182.com,Real Estate,1000,100000,INR,+91 9863283709,accounts@bluepeak182.com,Mumbai,California,India,034420,salesrep2,Cold Email,2026-05-02,2026-05-11,Imported from event attendee list,company_suffix_variation,Intentional CRM import test case: company_suffix_variation
COMP-000183,Northstar 183 Ltd,https://www.northstar183.com,Retail,100,2500000,EUR,+91 9880372842,accounts@northstar183.com,Hyderabad,California,USA,027589,,Inbound,2026-03-03,2026-04-29,Imported from event attendee list,duplicate_with_different_case,Intentional CRM import test case: duplicate_with_different_case
COMP-000184,Vertex 184 Pvt Ltd,https://www.vertex184.com,Hospitality,500,250000,USD,+91 9811890348,accounts@vertex184.com,Mumbai,Singapore,Australia,054185,,Cold Email,2025-12-17,2026-03-29,Key account ⭐,emoji_in_field,Intentional CRM import test case: emoji_in_field
COMP-000185,Nimbus 185 Inc,www.nimbus185.com,Real Estate,1000,500000,EUR,+91 9854013571,accounts@nimbus185.com,London,Tamil Nadu,United Kingdom,062538,salesrep2,Webinar,2026-03-25,2026-05-03,Imported from event attendee list,url_missing_protocol,Intentional CRM import test case: url_missing_protocol
COMP-000186,BrightEdge 186 LLC,https://www.brightedge186.com,SaaS,50,500000,USD,+91 9869959826,accounts@brightedge186.com,Delhi,Maharashtra,Australia,53204,Kiran,Trade Show,2026-03-06,2026-03-31,Imported from event attendee list,postal_code_as_number,Intentional CRM import test case: postal_code_as_number
COMP-000187,CloudNova 187 Ltd,https://www.cloudnova187.com,Select Industry,100,250000,USD,+91 9864414096,accounts@cloudnova187.com,Chennai,Singapore,Singapore,075866,salesrep2,Cold Email,2025-11-16,2026-05-04,Imported from event attendee list,placeholder_text,Intentional CRM import test case: placeholder_text
COMP-000188,GreenLeaf 188 Technologies,https://www.greenleaf188.com,Consulting,25,100000,USD,+91 9874180488,accounts@greenleaf188.com,Hyderabad,Karnataka,Germany,069634,,Event Booth,2026-01-25,2026-03-28,Imported from event attendee list,blank_owner,Intentional CRM import test case: blank_owner
COMP-000189,,https://www.urbanhive189.com,Education,1000,100000,EUR,+91 9820988446,accounts@urbanhive189.com,New York,London,Canada,068556,Sales Rep 1,Event Booth,2026-04-22,2026-03-14,Imported from event attendee list,missing_required_field,Intentional CRM import test case: missing_required_field
COMP-000190,DataNest 190 Solutions,https://www.datanest190.com,Logistics,250,100000,EUR,+91 9882029307,accounts@@example..com,Chennai,Karnataka,USA,031566,Kiran,Inbound,2026-04-12,2026-03-29,Imported from event attendee list,invalid_email,Intentional CRM import test case: invalid_email
COMP-000001,QuantumWorks 191 Inc,https://www.quantumworks191.com,Logistics,100,50000,SGD,+91 9827709269,accounts@quantumworks191.com,Bengaluru,London,Canada,064450,Maya,Trade Show,2025-12-19,2026-04-12,Imported from event attendee list,duplicate_record,Intentional CRM import test case: duplicate_record
COMP-000192,Silverline 192 Technologies,https://www.silverline192.com,Real Estate,50,50000,USD,+91 9887619624,accounts@silverline192.com,Chennai,Tamil Nadu,Germany,015936,Maya,Event Booth,2025-11-13,2026-05-07,Imported from event attendee list,typo_in_domain,Intentional CRM import test case: typo_in_domain
COMP-000193,  Redwood 193 Solutions   ,https://www.redwood193.com,Hospitality,10,250000,SGD,+91 9834156684,accounts@redwood193.com,Bengaluru,Karnataka,India,094085,salesrep2,Partner,2026-02-05,2026-03-15,Imported from event attendee list,extra_spaces,Intentional CRM import test case: extra_spaces
COMP-000194,ZENITH 194 LLC,https://www.zenith194.com,Real Estate,10,2500000,EUR,+91 9827849589,accounts@zenith194.com,Coimbatore,Singapore,Canada,055582,Divyaraj,Referral,2025-12-25,2026-04-16,Imported from event attendee list,mixed_case,Intentional CRM import test case: mixed_case
COMP-000195,AlphaCore 195 Solutions,https://www.alphacore195.com,SaaS,1000,50000,GBP,+91 9872143331,accounts@alphacore195.com,Delhi,Singapore,United Kingdom,081361,Maya,Partner,"May 11th, 26",2026-04-26,Imported from event attendee list,wrong_date_format,Intentional CRM import test case: wrong_date_format
COMP-000196,MetricBee 196 LLC,https://www.metricbee196.com,Retail,25,2500000,INR,+91-INVALID,accounts@metricbee196.com,Mumbai,Singapore,Australia,064950,Sales Rep 1,Trade Show,2026-03-11,2026-04-28,Imported from event attendee list,invalid_phone,Intentional CRM import test case: invalid_phone
COMP-000197,FutureFlow 197 Pvt Ltd,https://www.futureflow197.com,SaaS,100,1000000,INR,+91 9842847661,accounts@futureflow197.com,Coimbatore,Singapore,USA,015798,Maya,Inbound,2026-03-13,2026-04-07,Imported from event attendee list,country_city_mismatch,Intentional CRM import test case: country_city_mismatch
COMP-000198,PeoplePulse 198 Inc,https://www.peoplepulse198.com,Logistics,50,"INR 10,00,000",EUR,+91 9852802529,accounts@peoplepulse198.com,Mumbai,London,India,088370,,Event Booth,2026-03-12,2026-04-22,Imported from event attendee list,wrong_currency_format,Intentional CRM import test case: wrong_currency_format
COMP-000199,SwiftOps 199 Inc,https://www.swiftops199.com,Retail,fifty,50000,EUR,+91 9889412216,accounts@swiftops199.com,Coimbatore,Singapore,Singapore,032955,salesrep2,Partner,2025-12-20,2026-04-10,Imported from event attendee list,invalid_number_text,Intentional CRM import test case: invalid_number_text
COMP-000200,ClearPath 200 Pvt Ltd,https://www.clearpath200.com,Real Estate,1000,1000000,GBP,+91 9865878146,accounts@clearpath200.com,Singapore,California,Australia,029558,Kiran,Partner,2026-03-25,2026-03-24,Imported from event attendee list,bad_lookup_reference,Intentional CRM import test case: bad_lookup_reference
COMP-000201,Acme 201 Solutions,https://www.acme201.com,Education,50,2500000,USD,+91 9872146184,accounts@acme201.com,Delhi,Tamil Nadu,Canada,083713,Maya,Partner,2025-12-20,2026-04-08,Imported from event attendee list,merged_fields,Intentional CRM import test case: merged_fields
COMP-000202,BluePeak 202 Inc & Sons/Partners #1,https://www.bluepeak202.com,Retail,25,250000,INR,+91 9870369365,accounts@bluepeak202.com,Delhi,Maharashtra,UAE,022119,Sales Rep 1,LinkedIn,2026-04-28,2026-04-24,Imported from event attendee list,special_characters,Intentional CRM import test case: special_characters
COMP-000203,Northstar 203 LLC,https://www.northstar203.com,Education,1000,1000000,EUR,+91 9839127464,accounts@northstar203.com,Bengaluru,California,India,037379,,Event Booth,2026-02-23,2026-03-14,Imported from event attendee list,leading_zero_lost,Intentional CRM import test case: leading_zero_lost
COMP-000204,Vertex 204 Pvt Ltd,https://www.vertex204.com,Healthcare,500,500000,USD,+91 9891121400,accounts@vertex204.com,Delhi,Singapore,Singapore,036805,Maya,LinkedIn,2025-12-21,2026-04-21,Imported from event attendee list,newline_in_field,Intentional CRM import test case: newline_in_field
COMP-000205,Nimbus 205 Ltd,https://www.nimbus205.com,Logistics,500,250000,GBP,+91 9845106207,accounts@nimbus205.com,Kochi,Maharashtra,UAE,077215,Maya,Inbound,2026-04-16,2026-03-21,Imported from event attendee list,unknown_picklist_value,Intentional CRM import test case: unknown_picklist_value
COMP-000206,BrightEdge 206 Technologies,https://www.brightedge206.com,Education,50,250000,SGD,+91 9816135823,accounts@brightedge206.com,Hyderabad,London,Canada,039002,salesrep2,Referral,2026-05-07,2026-04-25,Imported from event attendee list,future_close_date,Intentional CRM import test case: future_close_date
COMP-000207,CloudNova 207 Solutions,https://www.cloudnova207.com,FinTech,25,250000,USD,+91 9860981231,accounts@cloudnova207.com,Pune,London,UAE,042208,Maya,Event Booth,2026-03-07,2026-03-24,Imported from event attendee list,negative_deal_value,Intentional CRM import test case: negative_deal_value
COMP-000208,GreenLeaf 208 LLC,https://www.greenleaf208.com,FinTech,500,250000,USD,+91 9828784915,accounts@greenleaf208.com,Kochi,Singapore,Canada,081636,Maya,Referral,2025-12-24,2026-03-31,Imported from event attendee list,personal_email_for_business_contact,Intentional CRM import test case: personal_email_for_business_contact
COMP-000209,UrbanHive 209 Private Limited,https://www.urbanhive209.com,SaaS,1000,50000,SGD,+91 9828453800,accounts@urbanhive209.com,Bengaluru,Singapore,India,040334,Divyaraj,Referral,2026-05-09,2026-04-28,Imported from event attendee list,company_suffix_variation,Intentional CRM import test case: company_suffix_variation
COMP-000210,DataNest 210 Solutions,https://www.datanest210.com,SaaS,250,2500000,EUR,+91 9874854563,accounts@datanest210.com,Hyderabad,Singapore,Canada,073944,Divyaraj,Trade Show,2025-12-26,2026-04-06,Imported from event attendee list,duplicate_with_different_case,Intentional CRM import test case: duplicate_with_different_case
COMP-000211,QuantumWorks 211 LLC,https://www.quantumworks211.com,Logistics,500,250000,EUR,+91 9848478684,accounts@quantumworks211.com,Chennai,Tamil Nadu,India,075826,,Partner,2026-03-27,2026-05-05,Key account ⭐,emoji_in_field,Intentional CRM import test case: emoji_in_field
COMP-000212,Silverline 212 Pvt Ltd,www.silverline212.com,Education,250,1000000,GBP,+91 9857572279,accounts@silverline212.com,Delhi,Maharashtra,United Kingdom,062022,Divyaraj,Event Booth,2026-01-28,2026-04-12,Imported from event attendee list,url_missing_protocol,Intentional CRM import test case: url_missing_protocol
COMP-000213,Redwood 213 Solutions,https://www.redwood213.com,Retail,500,50000,INR,+91 9822549425,accounts@redwood213.com,Delhi,California,Singapore,59710,Maya,Inbound,2026-04-27,2026-04-01,Imported from event attendee list,postal_code_as_number,Intentional CRM import test case: postal_code_as_number
COMP-000214,Zenith 214 Pvt Ltd,https://www.zenith214.com,Select Industry,1000,500000,GBP,+91 9885947990,accounts@zenith214.com,Bengaluru,Tamil Nadu,United Kingdom,079226,Divyaraj,LinkedIn,2026-03-18,2026-03-15,Imported from event attendee list,placeholder_text,Intentional CRM import test case: placeholder_text
COMP-000215,AlphaCore 215 Technologies,https://www.alphacore215.com,SaaS,10,2500000,GBP,+91 9882884346,accounts@alphacore215.com,Pune,London,Canada,096259,,Referral,2026-02-20,2026-05-10,Imported from event attendee list,blank_owner,Intentional CRM import test case: blank_owner
COMP-000216,,https://www.metricbee216.com,Healthcare,50,100000,EUR,+91 9842275631,accounts@metricbee216.com,Coimbatore,London,United Kingdom,061007,salesrep2,Event Booth,2026-02-02,2026-03-24,Imported from event attendee list,missing_required_field,Intentional CRM import test case: missing_required_field
COMP-000217,FutureFlow 217 Technologies,https://www.futureflow217.com,Logistics,500,250000,INR,+91 9823111164,accounts@@example..com,Bengaluru,California,United Kingdom,040427,,Webinar,2026-02-13,2026-04-03,Imported from event attendee list,invalid_email,Intentional CRM import test case: invalid_email
COMP-000001,PeoplePulse 218 Solutions,https://www.peoplepulse218.com,SaaS,500,250000,SGD,+91 9875847681,accounts@peoplepulse218.com,Hyderabad,Karnataka,UAE,056636,Sales Rep 1,Partner,2026-01-21,2026-04-30,Imported from event attendee list,duplicate_record,Intentional CRM import test case: duplicate_record
COMP-000219,SwiftOps 219 Technologies,https://www.swiftops219.com,Consulting,50,100000,INR,+91 9821010955,accounts@swiftops219.com,Bengaluru,Maharashtra,UAE,030214,Maya,Referral,2026-02-01,2026-04-21,Imported from event attendee list,typo_in_domain,Intentional CRM import test case: typo_in_domain
COMP-000220,  ClearPath 220 Ltd   ,https://www.clearpath220.com,SaaS,50,500000,GBP,+91 9846207439,accounts@clearpath220.com,Bengaluru,Tamil Nadu,USA,027367,Divyaraj,Referral,2026-01-21,2026-04-13,Imported from event attendee list,extra_spaces,Intentional CRM import test case: extra_spaces
COMP-000221,ACME 221 SOLUTIONS,https://www.acme221.com,SaaS,10,250000,EUR,+91 9822490873,accounts@acme221.com,Bengaluru,London,UAE,088386,,Event Booth,2026-02-02,2026-05-11,Imported from event attendee list,mixed_case,Intentional CRM import test case: mixed_case
COMP-000222,BluePeak 222 Ltd,https://www.bluepeak222.com,Healthcare,500,1000000,USD,+91 9886767229,accounts@bluepeak222.com,Coimbatore,London,UAE,032227,salesrep2,Partner,"May 11th, 26",2026-05-03,Imported from event attendee list,wrong_date_format,Intentional CRM import test case: wrong_date_format
COMP-000223,Northstar 223 Ltd,https://www.northstar223.com,Hospitality,25,50000,USD,+91-INVALID,accounts@northstar223.com,Pune,Maharashtra,Germany,065194,Kiran,Inbound,2026-04-22,2026-04-18,Imported from event attendee list,invalid_phone,Intentional CRM import test case: invalid_phone
COMP-000224,Vertex 224 Ltd,https://www.vertex224.com,Hospitality,250,1000000,USD,+91 9871453148,accounts@vertex224.com,Coimbatore,Tamil Nadu,USA,027758,Kiran,Trade Show,2026-01-30,2026-04-20,Imported from event attendee list,country_city_mismatch,Intentional CRM import test case: country_city_mismatch
COMP-000225,Nimbus 225 Solutions,https://www.nimbus225.com,Hospitality,50,"INR 10,00,000",EUR,+91 9828270317,accounts@nimbus225.com,Hyderabad,Maharashtra,UAE,052030,Sales Rep 1,LinkedIn,2026-01-09,2026-04-21,Imported from event attendee list,wrong_currency_format,Intentional CRM import test case: wrong_currency_format
COMP-000226,BrightEdge 226 Inc,https://www.brightedge226.com,Retail,fifty,2500000,SGD,+91 9887293208,accounts@brightedge226.com,Hyderabad,Karnataka,UAE,052714,Maya,Cold Email,2026-01-31,2026-04-18,Imported from event attendee list,invalid_number_text,Intentional CRM import test case: invalid_number_text
COMP-000227,CloudNova 227 Pvt Ltd,https://www.cloudnova227.com,Logistics,25,2500000,EUR,+91 9813612618,accounts@cloudnova227.com,London,Singapore,Singapore,070505,salesrep2,LinkedIn,2026-01-19,2026-03-21,Imported from event attendee list,bad_lookup_reference,Intentional CRM import test case: bad_lookup_reference
COMP-000228,GreenLeaf 228 Ltd,https://www.greenleaf228.com,Hospitality,25,2500000,GBP,+91 9842483531,accounts@greenleaf228.com,Coimbatore,Maharashtra,USA,096332,Anu,Partner,2026-02-04,2026-05-07,Imported from event attendee list,merged_fields,Intentional CRM import test case: merged_fields
COMP-000229,UrbanHive 229 LLC & Sons/Partners #1,https://www.urbanhive229.com,Real Estate,250,1000000,SGD,+91 9882966824,accounts@urbanhive229.com,London,Tamil Nadu,Canada,057124,salesrep2,Webinar,2026-04-14,2026-03-23,Imported from event attendee list,special_characters,Intentional CRM import test case: special_characters
COMP-000230,DataNest 230 Inc,https://www.datanest230.com,Consulting,10,1000000,SGD,+91 9854506155,accounts@datanest230.com,Mumbai,California,Australia,023886,Divyaraj,Webinar,2026-03-06,2026-04-27,Imported from event attendee list,leading_zero_lost,Intentional CRM import test case: leading_zero_lost
COMP-000231,QuantumWorks 231 Solutions,https://www.quantumworks231.com,Manufacturing,100,500000,EUR,+91 9877171380,accounts@quantumworks231.com,Kochi,Karnataka,Singapore,055215,Divyaraj,Inbound,2026-04-15,2026-04-23,Imported from event attendee list,newline_in_field,Intentional CRM import test case: newline_in_field
COMP-000232,Silverline 232 LLC,https://www.silverline232.com,FinTech,50,250000,GBP,+91 9871113711,accounts@silverline232.com,Bengaluru,Karnataka,USA,078303,Maya,Event Booth,2026-01-10,2026-05-05,Imported from event attendee list,unknown_picklist_value,Intentional CRM import test case: unknown_picklist_value
COMP-000233,Redwood 233 LLC,https://www.redwood233.com,Healthcare,50,50000,INR,+91 9813031322,accounts@redwood233.com,Hyderabad,Maharashtra,Canada,094930,Divyaraj,Referral,2026-03-10,2026-04-08,Imported from event attendee list,future_close_date,Intentional CRM import test case: future_close_date
COMP-000234,Zenith 234 Inc,https://www.zenith234.com,Logistics,100,500000,USD,+91 9864364546,accounts@zenith234.com,Hyderabad,Singapore,United Kingdom,034176,Anu,Partner,2026-01-30,2026-05-10,Imported from event attendee list,negative_deal_value,Intentional CRM import test case: negative_deal_value
COMP-000235,AlphaCore 235 Technologies,https://www.alphacore235.com,Consulting,100,500000,INR,+91 9838829445,accounts@alphacore235.com,Kochi,Karnataka,Singapore,046483,,Webinar,2025-12-15,2026-05-05,Imported from event attendee list,personal_email_for_business_contact,Intentional CRM import test case: personal_email_for_business_contact
COMP-000236,MetricBee 236 Solutions,https://www.metricbee236.com,Manufacturing,25,500000,INR,+91 9845212476,accounts@metricbee236.com,Hyderabad,Singapore,United Kingdom,074157,Sales Rep 1,Event Booth,2025-12-10,2026-04-17,Imported from event attendee list,company_suffix_variation,Intentional CRM import test case: company_suffix_variation
COMP-000237,FutureFlow 237 Solutions,https://www.futureflow237.com,Healthcare,50,250000,SGD,+91 9892861016,accounts@futureflow237.com,London,Karnataka,UAE,098288,salesrep2,Cold Email,2025-12-05,2026-04-04,Imported from event attendee list,duplicate_with_different_case,Intentional CRM import test case: duplicate_with_different_case
COMP-000238,PeoplePulse 238 Pvt Ltd,https://www.peoplepulse238.com,Healthcare,25,250000,INR,+91 9834567819,accounts@peoplepulse238.com,Hyderabad,Maharashtra,United Kingdom,028528,Sales Rep 1,Partner,2026-01-24,2026-04-03,Key account ⭐,emoji_in_field,Intentional CRM import test case: emoji_in_field
COMP-000239,SwiftOps 239 Inc,www.swiftops239.com,FinTech,100,2500000,EUR,+91 9896605343,accounts@swiftops239.com,Coimbatore,Karnataka,UAE,082733,Anu,Inbound,2026-02-27,2026-05-03,Imported from event attendee list,url_missing_protocol,Intentional CRM import test case: url_missing_protocol
COMP-000240,ClearPath 240 Inc,https://www.clearpath240.com,Consulting,10,250000,INR,+91 9875043108,accounts@clearpath240.com,Kochi,Karnataka,Australia,35575,,Partner,2025-12-19,2026-04-09,Imported from event attendee list,postal_code_as_number,Intentional CRM import test case: postal_code_as_number
COMP-000241,Acme 241 Technologies,https://www.acme241.com,Select Industry,100,2500000,SGD,+91 9875592138,accounts@acme241.com,Coimbatore,Karnataka,Canada,020835,Sales Rep 1,Trade Show,2026-03-16,2026-04-23,Imported from event attendee list,placeholder_text,Intentional CRM import test case: placeholder_text
COMP-000242,BluePeak 242 Pvt Ltd,https://www.bluepeak242.com,Logistics,50,100000,SGD,+91 9885920319,accounts@bluepeak242.com,Delhi,Singapore,Germany,074921,,Webinar,2025-12-16,2026-05-04,Imported from event attendee list,blank_owner,Intentional CRM import test case: blank_owner
COMP-000243,,https://www.northstar243.com,SaaS,1000,2500000,SGD,+91 9883330295,accounts@northstar243.com,New York,Karnataka,Australia,065725,Divyaraj,LinkedIn,2026-02-24,2026-03-17,Imported from event attendee list,missing_required_field,Intentional CRM import test case: missing_required_field
COMP-000244,Vertex 244 Pvt Ltd,https://www.vertex244.com,Manufacturing,1000,50000,SGD,+91 9825755285,accounts@@example..com,Pune,Karnataka,Canada,037509,,Event Booth,2025-12-06,2026-04-01,Imported from event attendee list,invalid_email,Intentional CRM import test case: invalid_email
COMP-000001,Nimbus 245 LLC,https://www.nimbus245.com,FinTech,1000,100000,USD,+91 9817966873,accounts@nimbus245.com,London,London,United Kingdom,055982,Sales Rep 1,Cold Email,2025-12-10,2026-04-07,Imported from event attendee list,duplicate_record,Intentional CRM import test case: duplicate_record
COMP-000246,BrightEdge 246 Inc,https://www.brightedge246.com,Retail,250,250000,EUR,+91 9822780905,accounts@brightedge246.com,Pune,Karnataka,Australia,063948,Divyaraj,Cold Email,2025-11-25,2026-05-03,Imported from event attendee list,typo_in_domain,Intentional CRM import test case: typo_in_domain
COMP-000247,  CloudNova 247 Technologies   ,https://www.cloudnova247.com,FinTech,500,250000,USD,+91 9862707402,accounts@cloudnova247.com,Delhi,California,United Kingdom,028634,Sales Rep 1,Cold Email,2025-12-02,2026-04-15,Imported from event attendee list,extra_spaces,Intentional CRM import test case: extra_spaces
COMP-000248,GREENLEAF 248 LLC,https://www.greenleaf248.com,Healthcare,100,1000000,GBP,+91 9859535894,accounts@greenleaf248.com,Bengaluru,California,Canada,073968,Kiran,Trade Show,2026-04-18,2026-03-26,Imported from event attendee list,mixed_case,Intentional CRM import test case: mixed_case
COMP-000249,UrbanHive 249 LLC,https://www.urbanhive249.com,Logistics,100,100000,SGD,+91 9838434222,accounts@urbanhive249.com,Bengaluru,California,Australia,045197,Kiran,Cold Email,"May 11th, 26",2026-04-06,Imported from event attendee list,wrong_date_format,Intentional CRM import test case: wrong_date_format
COMP-000250,DataNest 250 Solutions,https://www.datanest250.com,Hospitality,1000,250000,INR,+91-INVALID,accounts@datanest250.com,London,Tamil Nadu,United Kingdom,092074,,Inbound,2026-05-07,2026-05-04,Imported from event attendee list,invalid_phone,Intentional CRM import test case: invalid_phone
COMP-000251,QuantumWorks 251 Inc,https://www.quantumworks251.com,SaaS,100,100000,USD,+91 9897241147,accounts@quantumworks251.com,Coimbatore,Maharashtra,USA,030837,,Cold Email,2026-04-18,2026-03-31,Imported from event attendee list,country_city_mismatch,Intentional CRM import test case: country_city_mismatch
COMP-000252,Silverline 252 Ltd,https://www.silverline252.com,Manufacturing,500,"INR 10,00,000",USD,+91 9816950770,accounts@silverline252.com,Bengaluru,California,Germany,091999,Kiran,LinkedIn,2026-01-22,2026-03-31,Imported from event attendee list,wrong_currency_format,Intentional CRM import test case: wrong_currency_format
COMP-000253,Redwood 253 Pvt Ltd,https://www.redwood253.com,Education,fifty,50000,USD,+91 9889682313,accounts@redwood253.com,Chennai,Karnataka,USA,078084,salesrep2,Inbound,2026-05-09,2026-05-11,Imported from event attendee list,invalid_number_text,Intentional CRM import test case: invalid_number_text
COMP-000254,Zenith 254 Technologies,https://www.zenith254.com,Real Estate,500,100000,SGD,+91 9819506414,accounts@zenith254.com,Bengaluru,Karnataka,Australia,060209,Divyaraj,Webinar,2026-04-15,2026-04-21,Imported from event attendee list,bad_lookup_reference,Intentional CRM import test case: bad_lookup_reference
COMP-000255,AlphaCore 255 Ltd,https://www.alphacore255.com,Real Estate,1000,100000,USD,+91 9819182050,accounts@alphacore255.com,Mumbai,London,Germany,083831,Divyaraj,Referral,2026-01-19,2026-04-19,Imported from event attendee list,merged_fields,Intentional CRM import test case: merged_fields
COMP-000256,MetricBee 256 Technologies & Sons/Partners #1,https://www.metricbee256.com,FinTech,100,1000000,SGD,+91 9839158087,accounts@metricbee256.com,Singapore,Tamil Nadu,Singapore,023168,Anu,Webinar,2025-12-12,2026-03-26,Imported from event attendee list,special_characters,Intentional CRM import test case: special_characters
COMP-000257,FutureFlow 257 LLC,https://www.futureflow257.com,Manufacturing,1000,100000,USD,+91 9847173969,accounts@futureflow257.com,Coimbatore,Singapore,Australia,021042,Anu,Cold Email,2025-11-16,2026-05-10,Imported from event attendee list,leading_zero_lost,Intentional CRM import test case: leading_zero_lost
COMP-000258,PeoplePulse 258 Technologies,https://www.peoplepulse258.com,Logistics,250,1000000,USD,+91 9862579931,accounts@peoplepulse258.com,Delhi,Maharashtra,Germany,094694,Divyaraj,LinkedIn,2026-01-05,2026-04-17,Imported from event attendee list,newline_in_field,Intentional CRM import test case: newline_in_field
COMP-000259,SwiftOps 259 Pvt Ltd,https://www.swiftops259.com,Consulting,10,1000000,INR,+91 9858465780,accounts@swiftops259.com,Kochi,Maharashtra,Singapore,027299,Maya,Partner,2026-02-07,2026-04-07,Imported from event attendee list,unknown_picklist_value,Intentional CRM import test case: unknown_picklist_value
COMP-000260,ClearPath 260 Technologies,https://www.clearpath260.com,Healthcare,10,1000000,INR,+91 9811851322,accounts@clearpath260.com,Kochi,Maharashtra,United Kingdom,038277,Divyaraj,Trade Show,2026-01-30,2026-04-09,Imported from event attendee list,future_close_date,Intentional CRM import test case: future_close_date
COMP-000261,Acme 261 Ltd,https://www.acme261.com,Real Estate,10,2500000,EUR,+91 9882162880,accounts@acme261.com,Coimbatore,London,UAE,030012,Kiran,Webinar,2026-02-21,2026-05-06,Imported from event attendee list,negative_deal_value,Intentional CRM import test case: negative_deal_value
COMP-000262,BluePeak 262 Solutions,https://www.bluepeak262.com,Logistics,50,500000,EUR,+91 9895133532,accounts@bluepeak262.com,Mumbai,Singapore,Singapore,099267,salesrep2,Webinar,2026-02-21,2026-03-28,Imported from event attendee list,personal_email_for_business_contact,Intentional CRM import test case: personal_email_for_business_contact
COMP-000263,Northstar 263 LLC,https://www.northstar263.com,Education,10,500000,INR,+91 9870850538,accounts@northstar263.com,Chennai,London,Singapore,089800,Divyaraj,Cold Email,2025-11-22,2026-03-25,Imported from event attendee list,company_suffix_variation,Intentional CRM import test case: company_suffix_variation
COMP-000264,Vertex 264 Technologies,https://www.vertex264.com,SaaS,500,100000,INR,+91 9831989243,accounts@vertex264.com,Bengaluru,California,United Kingdom,055443,Sales Rep 1,Cold Email,2026-03-30,2026-04-18,Imported from event attendee list,duplicate_with_different_case,Intentional CRM import test case: duplicate_with_different_case
COMP-000265,Nimbus 265 Inc,https://www.nimbus265.com,SaaS,50,500000,GBP,+91 9880310522,accounts@nimbus265.com,Bengaluru,Tamil Nadu,Germany,044465,salesrep2,Webinar,2026-01-04,2026-04-12,Key account ⭐,emoji_in_field,Intentional CRM import test case: emoji_in_field
COMP-000266,BrightEdge 266 Solutions,www.brightedge266.com,Hospitality,1000,1000000,USD,+91 9859350218,accounts@brightedge266.com,Chennai,Karnataka,Australia,043438,,Webinar,2025-12-16,2026-03-29,Imported from event attendee list,url_missing_protocol,Intentional CRM import test case: url_missing_protocol
COMP-000267,CloudNova 267 Technologies,https://www.cloudnova267.com,Logistics,10,50000,INR,+91 9842823140,accounts@cloudnova267.com,Delhi,Tamil Nadu,USA,71835,Kiran,Partner,2026-04-03,2026-04-30,Imported from event attendee list,postal_code_as_number,Intentional CRM import test case: postal_code_as_number
COMP-000268,GreenLeaf 268 Pvt Ltd,https://www.greenleaf268.com,Select Industry,25,500000,GBP,+91 9846407626,accounts@greenleaf268.com,Delhi,Tamil Nadu,UAE,084912,Kiran,Webinar,2026-01-03,2026-03-29,Imported from event attendee list,placeholder_text,Intentional CRM import test case: placeholder_text
COMP-000269,UrbanHive 269 Pvt Ltd,https://www.urbanhive269.com,Logistics,10,500000,INR,+91 9872423883,accounts@urbanhive269.com,Delhi,Maharashtra,United Kingdom,050723,,Webinar,2025-12-21,2026-04-12,Imported from event attendee list,blank_owner,Intentional CRM import test case: blank_owner
COMP-000270,,https://www.datanest270.com,Retail,250,250000,EUR,+91 9842559072,accounts@datanest270.com,Delhi,California,Australia,058270,Sales Rep 1,Inbound,2026-03-22,2026-03-26,Imported from event attendee list,missing_required_field,Intentional CRM import test case: missing_required_field
COMP-000271,QuantumWorks 271 Solutions,https://www.quantumworks271.com,SaaS,100,50000,USD,+91 9882684966,accounts@@example..com,Mumbai,Maharashtra,Singapore,093354,,Trade Show,2026-02-15,2026-05-11,Imported from event attendee list,invalid_email,Intentional CRM import test case: invalid_email
COMP-000001,Silverline 272 Technologies,https://www.silverline272.com,Healthcare,25,1000000,USD,+91 9866346728,accounts@silverline272.com,Pune,California,UAE,017850,Anu,Cold Email,2026-04-18,2026-05-09,Imported from event attendee list,duplicate_record,Intentional CRM import test case: duplicate_record
COMP-000273,Redwood 273 Inc,https://www.redwood273.com,Hospitality,500,50000,EUR,+91 9822828128,accounts@redwood273.com,Hyderabad,London,UAE,027499,salesrep2,Partner,2026-04-22,2026-04-04,Imported from event attendee list,typo_in_domain,Intentional CRM import test case: typo_in_domain
COMP-000274,  Zenith 274 Solutions   ,https://www.zenith274.com,FinTech,25,250000,GBP,+91 9852279780,accounts@zenith274.com,Coimbatore,California,India,052762,Kiran,Inbound,2026-03-03,2026-04-27,Imported from event attendee list,extra_spaces,Intentional CRM import test case: extra_spaces
COMP-000275,ALPHACORE 275 PVT LTD,https://www.alphacore275.com,Consulting,10,100000,INR,+91 9832062036,accounts@alphacore275.com,Mumbai,California,Singapore,071086,Kiran,Partner,2026-04-11,2026-04-07,Imported from event attendee list,mixed_case,Intentional CRM import test case: mixed_case
COMP-000276,MetricBee 276 Ltd,https://www.metricbee276.com,Retail,100,250000,INR,+91 9822136086,accounts@metricbee276.com,Kochi,Karnataka,Singapore,099922,Kiran,Trade Show,"May 11th, 26",2026-03-19,Imported from event attendee list,wrong_date_format,Intentional CRM import test case: wrong_date_format
COMP-000277,FutureFlow 277 Ltd,https://www.futureflow277.com,Education,50,500000,EUR,+91-INVALID,accounts@futureflow277.com,Bengaluru,Singapore,United Kingdom,049169,Kiran,Referral,2026-05-04,2026-03-12,Imported from event attendee list,invalid_phone,Intentional CRM import test case: invalid_phone
COMP-000278,PeoplePulse 278 LLC,https://www.peoplepulse278.com,Logistics,25,50000,SGD,+91 9823677772,accounts@peoplepulse278.com,Coimbatore,Karnataka,USA,025919,Divyaraj,Trade Show,2026-03-16,2026-05-03,Imported from event attendee list,country_city_mismatch,Intentional CRM import test case: country_city_mismatch
COMP-000279,SwiftOps 279 Inc,https://www.swiftops279.com,Healthcare,250,"INR 10,00,000",GBP,+91 9820064609,accounts@swiftops279.com,Hyderabad,Tamil Nadu,UAE,018450,Anu,Inbound,2026-04-09,2026-05-06,Imported from event attendee list,wrong_currency_format,Intentional CRM import test case: wrong_currency_format
COMP-000280,ClearPath 280 Ltd,https://www.clearpath280.com,Hospitality,fifty,100000,EUR,+91 9868137264,accounts@clearpath280.com,Chennai,Singapore,USA,061773,Maya,Trade Show,2026-02-03,2026-03-29,Imported from event attendee list,invalid_number_text,Intentional CRM import test case: invalid_number_text
COMP-000281,Acme 281 LLC,https://www.acme281.com,Education,25,250000,GBP,+91 9869862640,accounts@acme281.com,Hyderabad,Karnataka,United Kingdom,014541,Sales Rep 1,LinkedIn,2025-11-27,2026-04-23,Imported from event attendee list,bad_lookup_reference,Intentional CRM import test case: bad_lookup_reference
COMP-000282,BluePeak 282 LLC,https://www.bluepeak282.com,Hospitality,10,50000,GBP,+91 9861407440,accounts@bluepeak282.com,New York,Karnataka,UAE,064949,Anu,LinkedIn,2025-12-01,2026-03-21,Imported from event attendee list,merged_fields,Intentional CRM import test case: merged_fields
COMP-000283,Northstar 283 Solutions & Sons/Partners #1,https://www.northstar283.com,Manufacturing,100,1000000,SGD,+91 9856175477,accounts@northstar283.com,Coimbatore,London,India,075849,Kiran,Partner,2026-03-03,2026-04-30,Imported from event attendee list,special_characters,Intentional CRM import test case: special_characters
COMP-000284,Vertex 284 Pvt Ltd,https://www.vertex284.com,Education,10,250000,INR,+91 9873308406,accounts@vertex284.com,London,London,Australia,056849,,LinkedIn,2026-04-01,2026-05-05,Imported from event attendee list,leading_zero_lost,Intentional CRM import test case: leading_zero_lost
COMP-000285,Nimbus 285 Inc,https://www.nimbus285.com,Logistics,1000,2500000,INR,+91 9839448924,accounts@nimbus285.com,Pune,London,Singapore,060911,Kiran,Referral,2026-03-27,2026-04-26,Imported from event attendee list,newline_in_field,Intentional CRM import test case: newline_in_field
COMP-000286,BrightEdge 286 Solutions,https://www.brightedge286.com,Consulting,10,2500000,GBP,+91 9886188876,accounts@brightedge286.com,Hyderabad,London,Australia,028625,Sales Rep 1,LinkedIn,2026-01-05,2026-04-07,Imported from event attendee list,unknown_picklist_value,Intentional CRM import test case: unknown_picklist_value
COMP-000287,CloudNova 287 Ltd,https://www.cloudnova287.com,SaaS,10,50000,USD,+91 9890753812,accounts@cloudnova287.com,Kochi,Karnataka,United Kingdom,012612,Sales Rep 1,Inbound,2026-05-11,2026-04-20,Imported from event attendee list,future_close_date,Intentional CRM import test case: future_close_date
COMP-000288,GreenLeaf 288 Solutions,https://www.greenleaf288.com,Manufacturing,500,100000,GBP,+91 9817993466,accounts@greenleaf288.com,Mumbai,Tamil Nadu,Singapore,029360,Sales Rep 1,Referral,2026-04-13,2026-03-18,Imported from event attendee list,negative_deal_value,Intentional CRM import test case: negative_deal_value
COMP-000289,UrbanHive 289 Solutions,https://www.urbanhive289.com,Manufacturing,500,2500000,SGD,+91 9888653825,accounts@urbanhive289.com,Bengaluru,Tamil Nadu,Australia,054113,Kiran,Event Booth,2026-04-07,2026-05-01,Imported from event attendee list,personal_email_for_business_contact,Intentional CRM import test case: personal_email_for_business_contact
COMP-000290,DataNest 290 Technologies,https://www.datanest290.com,Hospitality,500,250000,USD,+91 9885427317,accounts@datanest290.com,Singapore,Singapore,UAE,090440,,Event Booth,2026-03-15,2026-03-30,Imported from event attendee list,company_suffix_variation,Intentional CRM import test case: company_suffix_variation
COMP-000291,QuantumWorks 291 Solutions,https://www.quantumworks291.com,Retail,500,2500000,GBP,+91 9827092408,accounts@quantumworks291.com,Coimbatore,Karnataka,United Kingdom,010235,salesrep2,Partner,2025-12-17,2026-05-09,Imported from event attendee list,duplicate_with_different_case,Intentional CRM import test case: duplicate_with_different_case
COMP-000292,Silverline 292 Inc,https://www.silverline292.com,Education,500,1000000,INR,+91 9876596831,accounts@silverline292.com,London,Karnataka,Australia,053406,salesrep2,Webinar,2026-03-12,2026-04-19,Key account ⭐,emoji_in_field,Intentional CRM import test case: emoji_in_field
COMP-000293,Redwood 293 Ltd,www.redwood293.com,Healthcare,1000,2500000,GBP,+91 9869945655,accounts@redwood293.com,Singapore,Tamil Nadu,United Kingdom,044761,Anu,LinkedIn,2025-11-15,2026-05-07,Imported from event attendee list,url_missing_protocol,Intentional CRM import test case: url_missing_protocol
COMP-000294,Zenith 294 Ltd,https://www.zenith294.com,SaaS,10,500000,SGD,+91 9866324902,accounts@zenith294.com,Bengaluru,Karnataka,Germany,64266,Maya,Partner,2026-02-11,2026-04-07,Imported from event attendee list,postal_code_as_number,Intentional CRM import test case: postal_code_as_number
COMP-000295,AlphaCore 295 LLC,https://www.alphacore295.com,Select Industry,500,2500000,USD,+91 9831831387,accounts@alphacore295.com,Kochi,California,USA,019661,,Trade Show,2026-02-25,2026-05-10,Imported from event attendee list,placeholder_text,Intentional CRM import test case: placeholder_text
COMP-000296,MetricBee 296 Ltd,https://www.metricbee296.com,Healthcare,50,100000,SGD,+91 9831596235,accounts@metricbee296.com,Bengaluru,Singapore,Germany,019830,,Webinar,2026-02-14,2026-04-03,Imported from event attendee list,blank_owner,Intentional CRM import test case: blank_owner
COMP-000297,,https://www.futureflow297.com,Real Estate,500,100000,EUR,+91 9868277389,accounts@futureflow297.com,Chennai,Karnataka,Canada,017019,Divyaraj,Event Booth,2026-03-20,2026-04-29,Imported from event attendee list,missing_required_field,Intentional CRM import test case: missing_required_field
COMP-000298,PeoplePulse 298 LLC,https://www.peoplepulse298.com,Retail,50,100000,INR,+91 9816661956,accounts@@example..com,Singapore,California,Germany,084943,Sales Rep 1,Inbound,2026-04-02,2026-05-08,Imported from event attendee list,invalid_email,Intentional CRM import test case: invalid_email
COMP-000001,SwiftOps 299 Ltd,https://www.swiftops299.com,Healthcare,50,2500000,EUR,+91 9874468586,accounts@swiftops299.com,Coimbatore,Karnataka,India,022712,Divyaraj,LinkedIn,2026-03-29,2026-04-01,Imported from event attendee list,duplicate_record,Intentional CRM import test case: duplicate_record
COMP-000300,ClearPath 300 Ltd,https://www.clearpath300.com,Healthcare,50,500000,SGD,+91 9875645462,accounts@clearpath300.com,Kochi,Singapore,USA,044734,Divyaraj,Partner,2026-03-25,2026-04-18,Imported from event attendee list,typo_in_domain,Intentional CRM import test case: typo_in_domain
