external_contact_id,first_name,last_name,email,phone,job_title,company_id,company_name,lead_status,lead_source,owner,city,country,postal_code,consent_to_contact,created_date,last_contacted_date,notes,error_type,error_notes
CONT-000001,Aarav,Sharma,aarav.sharma at acme.com,+91 9861196706,Founder,COMP-000001,Acme 1 Technologies,Demo Scheduled,Inbound,Divyaraj,Pune,Canada,070956,TRUE,2026-03-15,2026-03-19,Collected business card at event,invalid_email,Intentional CRM import test case: invalid_email
CONT-000002,Divya,Iyer,divya.iyer@bluepeak.com,+91 9846045780,CEO,COMP-000001,BluePeak 2 Pvt Ltd,Demo Scheduled,Webinar,Divyaraj,Singapore,Australia,080968,FALSE,2025-12-12,2026-04-27,Collected business card at event,duplicate_record,Intentional CRM import test case: duplicate_record
CONT-000003,Priya,Menon,priya.menon@northstar.con,+91 9884303190,CEO,COMP-000003,Northstar 3 Solutions,Open,Partner,Sales Rep 1,Singapore,Canada,085066,No,2026-01-10,2026-04-22,Collected business card at event,typo_in_domain,Intentional CRM import test case: typo_in_domain
CONT-000004,  Rahul  ,Patel, rahul.patel@vertex.com ,+91 9820597167,Product Lead,COMP-000004,  Vertex 4 LLC   ,New,Referral,Divyaraj,Kochi,United Kingdom,031910,No,2026-03-23,2026-05-03,Collected business card at event,extra_spaces,Intentional CRM import test case: extra_spaces
CONT-000005,Neha,Kumar,NEHA.KUMAR@NIMBUS.COM,+91 9815727862,pRODUCT lEAD,COMP-000005,NIMBUS 5 TECHNOLOGIES,Qualified,Partner,Anu,Singapore,United Kingdom,087994,TRUE,2026-02-19,2026-03-14,Collected business card at event,mixed_case,Intentional CRM import test case: mixed_case
CONT-000006,Karthik,Reddy,karthik.reddy@brightedge.com,+91 9818994192,VP Sales,COMP-000006,BrightEdge 6 Ltd,Open,Partner,Sales Rep 1,Hyderabad,Germany,078116,FALSE,11/05/26,2026-03-22,Collected business card at event,wrong_date_format,Intentional CRM import test case: wrong_date_format
CONT-000007,Ananya,Singh,ananya.singh@cloudnova.com,nine eight seven six,Product Lead,COMP-000007,CloudNova 7 Inc,Qualified,Partner,Anu,Mumbai,USA,023845,Y,2026-04-16,2026-03-22,Collected business card at event,invalid_phone,Intentional CRM import test case: invalid_phone
CONT-000008,Vikram,Nair,vikram.nair@greenleaf.com,+91 9848398732,Founder,COMP-000008,GreenLeaf 8 Pvt Ltd,Open,Cold Email,Maya,Chennai,Germany,084976,Y,2026-01-10,2026-05-09,Collected business card at event,country_city_mismatch,Intentional CRM import test case: country_city_mismatch
CONT-000009,Meera,Mehta,meera.mehta@urbanhive.com,+91 9833112256,HR Manager,COMP-000009,UrbanHive 9 Inc,Open,Referral,Sales Rep 1,London,UAE,015083,FALSE,2026-02-16,2026-03-28,Collected business card at event,wrong_currency_format,Intentional CRM import test case: wrong_currency_format
CONT-000010,Sanjay,Das,sanjay.das@datanest.com,+91 9841887353,CEO,COMP-000010,DataNest 10 Inc,Contacted,Cold Email,Kiran,Chennai,Australia,049722,TRUE,2026-03-01,2026-03-19,Collected business card at event,invalid_number_text,Intentional CRM import test case: invalid_number_text
CONT-000011,Isha,Gupta,isha.gupta@quantumworks.com,+91 9875984013,VP Sales,COMP-999999,QuantumWorks 11 Solutions,Negotiation,Referral,Kiran,Kochi,Australia,045313,N,2026-01-25,2026-04-03,Collected business card at event,bad_lookup_reference,Intentional CRM import test case: bad_lookup_reference
CONT-000012,Rohan Rao,,rohan.rao@silverline.com,+91 9896644900,VP Sales,COMP-000012,Silverline 12 Inc,Negotiation,Inbound,Anu,Coimbatore,Canada,077698,TRUE,2026-04-27,2026-04-09,Collected business card at event,merged_fields,Intentional CRM import test case: merged_fields
CONT-000013,Nisha,Joshi O'Neil;DROP?,nisha.joshi@redwood.com,+91 9831336920,VP Sales,COMP-000013,Redwood 13 Inc & Sons/Partners #1,Won,Partner,Anu,New York,India,032772,No,2026-03-21,2026-03-19,Collected business card at event,special_characters,Intentional CRM import test case: special_characters
CONT-000014,Arjun,Bose,arjun.bose@zenith.com,+91 9817734634,Operations Head,COMP-000014,Zenith 14 Pvt Ltd,New,Inbound,Divyaraj,Hyderabad,Singapore,45910,TRUE,2026-01-13,2026-04-09,Collected business card at event,leading_zero_lost,Intentional CRM import test case: leading_zero_lost
CONT-000015,Sneha,Khan,sneha.khan@alphacore.com,+91 9863276690,VP Sales,COMP-000015,AlphaCore 15 Solutions,New,LinkedIn,Kiran,Kochi,Canada,033276,FALSE,2025-12-12,2026-04-06,"Met at booth
Asked for follow-up",newline_in_field,Intentional CRM import test case: newline_in_field
CONT-000016,Amit,Thomas,amit.thomas@metricbee.com,+91 9856943979,Founder,COMP-000016,MetricBee 16 Solutions,Super Hot,Cold Email,salesrep2,Bengaluru,Germany,013597,FALSE,2026-04-29,2026-05-01,Collected business card at event,unknown_picklist_value,Intentional CRM import test case: unknown_picklist_value
CONT-000017,Pooja,Verma,pooja.verma@futureflow.com,+91 9886807176,Operations Head,COMP-000017,FutureFlow 17 Technologies,Negotiation,LinkedIn,salesrep2,Delhi,Germany,095404,FALSE,2025-12-31,2026-05-10,Collected business card at event,future_close_date,Intentional CRM import test case: future_close_date
CONT-000018,Manoj,Pillai,manoj.pillai@peoplepulse.com,+91 9811194267,RevOps Manager,COMP-000018,PeoplePulse 18 Inc,Demo Scheduled,Referral,Sales Rep 1,Chennai,Singapore,043081,Y,2026-02-22,2026-03-27,Collected business card at event,negative_deal_value,Intentional CRM import test case: negative_deal_value
CONT-000019,Leena,Jain,leena@gmail.com,+91 9896267144,HR Manager,COMP-000019,SwiftOps 19 LLC,Open,Partner,,Hyderabad,Canada,043029,No,2026-01-12,2026-04-22,Collected business card at event,personal_email_for_business_contact,Intentional CRM import test case: personal_email_for_business_contact
CONT-000020,Farhan,Roy,farhan.roy@clearpath.com,+91 9879878835,Product Lead,COMP-000020,ClearPath 20 Inc,Qualified,Trade Show,Sales Rep 1,Singapore,Australia,083591,N,2025-12-10,2026-04-03,Collected business card at event,company_suffix_variation,Intentional CRM import test case: company_suffix_variation
contact-000010,Aarav,Sharma,aarav.sharma@acme.com,+91 9847940248,HR Manager,COMP-000021,Acme 21 Inc,Qualified,Inbound,Divyaraj,Hyderabad,Germany,093964,TRUE,2026-03-02,2026-04-25,Collected business card at event,duplicate_with_different_case,Intentional CRM import test case: duplicate_with_different_case
CONT-000022,Divya,Iyer,divya.iyer@bluepeak.com,+91 9898062882,HR Manager,COMP-000022,BluePeak 22 LLC,Negotiation,Referral,Sales Rep 1,Delhi,India,088647,FALSE,2025-11-23,2026-04-21,Very interested 🚀,emoji_in_field,Intentional CRM import test case: emoji_in_field
CONT-000023,Priya,Menon,priya.menon@northstar.com,+91 9828781020,CEO,COMP-000023,Northstar 23 Solutions,Contacted,Cold Email,Kiran,Coimbatore,UAE,060891,N,2026-05-02,2026-04-04,Collected business card at event,url_missing_protocol,Intentional CRM import test case: url_missing_protocol
CONT-000024,Rahul,Patel,rahul.patel@vertex.com,+91 9886778235,Operations Head,COMP-000024,Vertex 24 Solutions,Lost,LinkedIn,salesrep2,New York,Canada,098063,TRUE,2026-01-02,2026-04-22,Collected business card at event,postal_code_as_number,Intentional CRM import test case: postal_code_as_number
CONT-000025,Neha,Kumar,neha.kumar@nimbus.com,+91 9832815223,TBD,COMP-000025,Nimbus 25 Solutions,Won,Webinar,Maya,Mumbai,Germany,083273,No,2025-11-18,2026-03-15,Lorem ipsum,placeholder_text,Intentional CRM import test case: placeholder_text
CONT-000026,Karthik,Reddy,aarav.sharma at acme.com,+91 9855047826,VP Sales,COMP-000026,BrightEdge 26 Pvt Ltd,Negotiation,Event Booth,,Pune,UAE,053426,TRUE,2026-03-06,2026-04-04,Collected business card at event,blank_owner|duplicate_email,Intentional CRM import test case: blank_owner; same email as another contact
CONT-000027,Ananya,Singh,,+91 9849466873,RevOps Manager,COMP-000027,,Qualified,Inbound,Divyaraj,Singapore,USA,071894,No,2026-01-03,2026-05-04,Collected business card at event,missing_required_field,Intentional CRM import test case: missing_required_field
CONT-000028,Vikram,Nair,vikram.nair at greenleaf.com,+91 9861226775,HR Manager,COMP-000028,GreenLeaf 28 Solutions,Open,Trade Show,,Mumbai,United Kingdom,036253,TRUE,2026-01-27,2026-04-05,Collected business card at event,invalid_email,Intentional CRM import test case: invalid_email
CONT-000029,Meera,Mehta,meera.mehta@urbanhive.com,+91 9871414198,Marketing Manager,COMP-000001,UrbanHive 29 Inc,Lost,Referral,,Bengaluru,Canada,053598,N,2026-03-27,2026-04-21,Collected business card at event,duplicate_record,Intentional CRM import test case: duplicate_record
CONT-000030,Sanjay,Das,sanjay.das@datanest.con,+91 9895161010,CEO,COMP-000030,DataNest 30 Ltd,New,Inbound,Kiran,Delhi,United Kingdom,085534,No,2026-01-06,2026-03-22,Collected business card at event,typo_in_domain,Intentional CRM import test case: typo_in_domain
CONT-000031,  Isha  ,Gupta, isha.gupta@quantumworks.com ,+91 9821816709,Marketing Manager,COMP-000031,  QuantumWorks 31 Technologies   ,Open,Partner,Maya,Coimbatore,Canada,060242,Yes,2026-05-02,2026-04-07,Collected business card at event,extra_spaces,Intentional CRM import test case: extra_spaces
CONT-000032,Rohan,Rao,ROHAN.RAO@SILVERLINE.COM,+91 9836764927,fOUNDER,COMP-000032,SILVERLINE 32 PVT LTD,New,Event Booth,,New York,Singapore,012348,N,2026-05-10,2026-04-01,Collected business card at event,mixed_case,Intentional CRM import test case: mixed_case
CONT-000033,Nisha,Joshi,nisha.joshi@redwood.com,+91 9843396474,Operations Head,COMP-000033,Redwood 33 Inc,Lost,Cold Email,Anu,Bengaluru,UAE,075973,Y,11/05/26,2026-05-01,Collected business card at event,wrong_date_format,Intentional CRM import test case: wrong_date_format
CONT-000034,Arjun,Bose,arjun.bose@zenith.com,nine eight seven six,CEO,COMP-000034,Zenith 34 LLC,Won,Cold Email,Maya,New York,Australia,066841,N,2026-04-07,2026-04-20,Collected business card at event,invalid_phone,Intentional CRM import test case: invalid_phone
CONT-000035,Sneha,Khan,sneha.khan@alphacore.com,+91 9875790669,Founder,COMP-000035,AlphaCore 35 Ltd,Negotiation,Referral,,Chennai,Germany,039939,No,2026-04-08,2026-04-28,Collected business card at event,country_city_mismatch,Intentional CRM import test case: country_city_mismatch
CONT-000036,Amit,Thomas,amit.thomas@metricbee.com,+91 9812941149,Marketing Manager,COMP-000036,MetricBee 36 Ltd,Qualified,Event Booth,salesrep2,Singapore,India,059177,N,2026-03-07,2026-03-23,Collected business card at event,wrong_currency_format,Intentional CRM import test case: wrong_currency_format
CONT-000037,Pooja,Verma,pooja.verma@futureflow.com,+91 9881770706,CEO,COMP-000037,FutureFlow 37 Ltd,New,Webinar,salesrep2,Chennai,India,025176,FALSE,2026-01-18,2026-04-17,Collected business card at event,invalid_number_text,Intentional CRM import test case: invalid_number_text
CONT-000038,Manoj,Pillai,manoj.pillai@peoplepulse.com,+91 9826588648,HR Manager,COMP-999999,PeoplePulse 38 Technologies,Contacted,Referral,Anu,Singapore,India,049467,FALSE,2025-11-23,2026-05-05,Collected business card at event,bad_lookup_reference,Intentional CRM import test case: bad_lookup_reference
CONT-000039,Leena Jain,,leena.jain@swiftops.com,+91 9898916958,HR Manager,COMP-000039,SwiftOps 39 Technologies,Demo Scheduled,Partner,,Bengaluru,USA,047054,Yes,2026-04-14,2026-04-10,Collected business card at event,merged_fields,Intentional CRM import test case: merged_fields
CONT-000040,Farhan,Roy O'Neil;DROP?,farhan.roy@clearpath.com,+91 9836661903,Operations Head,COMP-000040,ClearPath 40 Solutions & Sons/Partners #1,Won,LinkedIn,Kiran,Coimbatore,Germany,031020,Yes,2025-12-22,2026-04-10,Collected business card at event,special_characters,Intentional CRM import test case: special_characters
CONT-000041,Aarav,Sharma,aarav.sharma@acme.com,+91 9837876214,RevOps Manager,COMP-000041,Acme 41 Technologies,Lost,LinkedIn,Divyaraj,Chennai,USA,24474,Y,2025-11-21,2026-04-10,Collected business card at event,leading_zero_lost,Intentional CRM import test case: leading_zero_lost
CONT-000042,Divya,Iyer,divya.iyer@bluepeak.com,+91 9830017834,VP Sales,COMP-000042,BluePeak 42 Pvt Ltd,Qualified,Webinar,Kiran,Singapore,Singapore,069867,TRUE,2026-03-05,2026-04-12,"Met at booth
Asked for follow-up",newline_in_field,Intentional CRM import test case: newline_in_field
CONT-000043,Priya,Menon,priya.menon@northstar.com,+91 9816721650,VP Sales,COMP-000043,Northstar 43 LLC,Super Hot,Trade Show,,Pune,Australia,098705,TRUE,2026-01-22,2026-03-25,Collected business card at event,unknown_picklist_value,Intentional CRM import test case: unknown_picklist_value
CONT-000044,Rahul,Patel,rahul.patel@vertex.com,+91 9825555976,VP Sales,COMP-000044,Vertex 44 Solutions,New,Trade Show,,Mumbai,United Kingdom,053078,TRUE,2026-01-19,2026-04-02,Collected business card at event,future_close_date,Intentional CRM import test case: future_close_date
CONT-000045,Neha,Kumar,neha.kumar@nimbus.com,+91 9846011877,VP Sales,COMP-000045,Nimbus 45 Inc,Lost,Event Booth,Anu,Bengaluru,UAE,062461,FALSE,2026-03-03,2026-03-19,Collected business card at event,negative_deal_value,Intentional CRM import test case: negative_deal_value
CONT-000046,Karthik,Reddy,karthik@gmail.com,+91 9861769856,RevOps Manager,COMP-000046,BrightEdge 46 Solutions,Open,Referral,Divyaraj,Mumbai,India,030892,Yes,2026-01-25,2026-03-14,Collected business card at event,personal_email_for_business_contact,Intentional CRM import test case: personal_email_for_business_contact
CONT-000047,Ananya,Singh,ananya.singh@cloudnova.com,+91 9889289163,RevOps Manager,COMP-000047,CloudNova 47 LLC,Contacted,Referral,Sales Rep 1,Coimbatore,Australia,090131,Yes,2025-11-17,2026-03-16,Collected business card at event,company_suffix_variation,Intentional CRM import test case: company_suffix_variation
contact-000010,Vikram,Nair,vikram.nair@greenleaf.com,+91 9827536261,RevOps Manager,COMP-000048,GreenLeaf 48 LLC,Contacted,Webinar,Maya,Kochi,India,018301,TRUE,2025-11-25,2026-04-21,Collected business card at event,duplicate_with_different_case,Intentional CRM import test case: duplicate_with_different_case
CONT-000049,Meera,Mehta,meera.mehta@urbanhive.com,+91 9811658959,Operations Head,COMP-000049,UrbanHive 49 Ltd,Lost,Webinar,Maya,Singapore,Singapore,073167,TRUE,2025-11-23,2026-03-29,Very interested 🚀,emoji_in_field,Intentional CRM import test case: emoji_in_field
CONT-000050,Sanjay,Das,sanjay.das@datanest.com,+91 9896087848,Product Lead,COMP-000050,DataNest 50 LLC,Demo Scheduled,Trade Show,Divyaraj,Singapore,United Kingdom,076265,FALSE,2026-01-05,2026-03-17,Collected business card at event,url_missing_protocol,Intentional CRM import test case: url_missing_protocol
CONT-000051,Isha,Gupta,isha.gupta@quantumworks.com,+91 9832200132,VP Sales,COMP-000051,QuantumWorks 51 LLC,Contacted,Event Booth,Anu,Hyderabad,Germany,016599,Y,2026-03-15,2026-04-06,Collected business card at event,postal_code_as_number,Intentional CRM import test case: postal_code_as_number
CONT-000052,Rohan,Rao,rohan.rao@silverline.com,+91 9896344588,TBD,COMP-000052,Silverline 52 Pvt Ltd,Open,LinkedIn,Divyaraj,Kochi,Canada,085108,FALSE,2026-04-19,2026-03-18,Lorem ipsum,placeholder_text,Intentional CRM import test case: placeholder_text
CONT-000053,Nisha,Joshi,nisha.joshi@redwood.com,+91 9876901651,RevOps Manager,COMP-000053,Redwood 53 Ltd,Lost,Webinar,,Singapore,India,023453,FALSE,2026-01-26,2026-05-09,Collected business card at event,blank_owner,Intentional CRM import test case: blank_owner
CONT-000054,Arjun,Bose,,+91 9884776858,CEO,COMP-000054,,Qualified,Cold Email,Sales Rep 1,New York,Singapore,095799,N,2026-01-15,2026-03-12,Collected business card at event,missing_required_field,Intentional CRM import test case: missing_required_field
CONT-000055,Sneha,Khan,sneha.khan at alphacore.com,+91 9855748676,Founder,COMP-000055,AlphaCore 55 Pvt Ltd,New,LinkedIn,,Kochi,Australia,083420,Y,2025-12-09,2026-04-11,Collected business card at event,invalid_email,Intentional CRM import test case: invalid_email
CONT-000056,Amit,Thomas,amit.thomas@metricbee.com,+91 9898203489,Founder,COMP-000001,MetricBee 56 LLC,Contacted,Webinar,Divyaraj,Singapore,Singapore,010287,TRUE,2026-02-10,2026-03-19,Collected business card at event,duplicate_record,Intentional CRM import test case: duplicate_record
CONT-000057,Pooja,Verma,pooja.verma@futureflow.con,+91 9895048563,HR Manager,COMP-000057,FutureFlow 57 Solutions,Lost,Webinar,Divyaraj,Mumbai,Canada,028408,N,2026-01-27,2026-05-05,Collected business card at event,typo_in_domain,Intentional CRM import test case: typo_in_domain
CONT-000058,  Manoj  ,Pillai, manoj.pillai@peoplepulse.com ,+91 9844130133,Operations Head,COMP-000058,  PeoplePulse 58 LLC   ,Negotiation,Webinar,,Coimbatore,Singapore,069905,No,2026-02-14,2026-05-05,Collected business card at event,extra_spaces,Intentional CRM import test case: extra_spaces
CONT-000059,Leena,Jain,LEENA.JAIN@SWIFTOPS.COM,+91 9865629268,ceo,COMP-000059,SWIFTOPS 59 INC,Qualified,Inbound,Maya,Singapore,United Kingdom,075382,Yes,2025-12-27,2026-03-25,Collected business card at event,mixed_case,Intentional CRM import test case: mixed_case
CONT-000060,Farhan,Roy,farhan.roy@clearpath.com,+91 9816519170,Product Lead,COMP-000060,ClearPath 60 LLC,Contacted,Referral,salesrep2,London,United Kingdom,026827,Yes,11/05/26,2026-03-30,Collected business card at event,wrong_date_format,Intentional CRM import test case: wrong_date_format
CONT-000061,Aarav,Sharma,aarav.sharma@acme.com,nine eight seven six,Founder,COMP-000061,Acme 61 Inc,Open,Partner,Sales Rep 1,Delhi,Germany,062149,TRUE,2026-02-25,2026-04-13,Collected business card at event,invalid_phone,Intentional CRM import test case: invalid_phone
CONT-000062,Divya,Iyer,divya.iyer@bluepeak.com,+91 9827900864,Marketing Manager,COMP-000062,BluePeak 62 LLC,Open,Cold Email,,Chennai,Germany,082559,N,2026-03-17,2026-04-29,Collected business card at event,country_city_mismatch,Intentional CRM import test case: country_city_mismatch
CONT-000063,Priya,Menon,priya.menon@northstar.com,+91 9838147161,HR Manager,COMP-000063,Northstar 63 Technologies,Lost,Referral,salesrep2,Singapore,United Kingdom,076046,Y,2025-11-15,2026-04-01,Collected business card at event,wrong_currency_format,Intentional CRM import test case: wrong_currency_format
CONT-000064,Rahul,Patel,rahul.patel@vertex.com,+91 9853269298,VP Sales,COMP-000064,Vertex 64 Ltd,Lost,Inbound,Sales Rep 1,London,UAE,098374,N,2025-12-26,2026-04-23,Collected business card at event,invalid_number_text,Intentional CRM import test case: invalid_number_text
CONT-000065,Neha,Kumar,neha.kumar@nimbus.com,+91 9866691738,CEO,COMP-999999,Nimbus 65 Pvt Ltd,Qualified,Trade Show,Maya,Mumbai,India,097851,Yes,2026-03-21,2026-04-24,Collected business card at event,bad_lookup_reference,Intentional CRM import test case: bad_lookup_reference
CONT-000066,Karthik Reddy,,karthik.reddy@brightedge.com,+91 9831600382,HR Manager,COMP-000066,BrightEdge 66 Pvt Ltd,Won,Referral,,Chennai,Germany,036738,Y,2026-05-03,2026-04-19,Collected business card at event,merged_fields,Intentional CRM import test case: merged_fields
CONT-000067,Ananya,Singh O'Neil;DROP?,ananya.singh@cloudnova.com,+91 9870746206,VP Sales,COMP-000067,CloudNova 67 Solutions & Sons/Partners #1,Negotiation,Partner,Anu,New York,Germany,097096,Yes,2026-02-03,2026-04-17,Collected business card at event,special_characters,Intentional CRM import test case: special_characters
CONT-000068,Vikram,Nair,vikram.nair@greenleaf.com,+91 9865910573,Founder,COMP-000068,GreenLeaf 68 Pvt Ltd,New,Trade Show,salesrep2,Pune,Singapore,91338,FALSE,2026-03-15,2026-03-14,Collected business card at event,leading_zero_lost,Intentional CRM import test case: leading_zero_lost
CONT-000069,Meera,Mehta,meera.mehta@urbanhive.com,+91 9895065651,Founder,COMP-000069,UrbanHive 69 LLC,Negotiation,LinkedIn,Kiran,Kochi,United Kingdom,099477,Yes,2026-03-25,2026-04-30,"Met at booth
Asked for follow-up",newline_in_field,Intentional CRM import test case: newline_in_field
CONT-000070,Sanjay,Das,sanjay.das@datanest.com,+91 9878967357,VP Sales,COMP-000070,DataNest 70 Inc,Super Hot,Trade Show,Maya,Pune,Germany,027048,No,2025-12-13,2026-03-18,Collected business card at event,unknown_picklist_value,Intentional CRM import test case: unknown_picklist_value
CONT-000071,Isha,Gupta,isha.gupta@quantumworks.com,+91 9844227688,CEO,COMP-000071,QuantumWorks 71 Inc,Lost,Inbound,salesrep2,Mumbai,India,030146,TRUE,2025-12-10,2026-05-08,Collected business card at event,future_close_date,Intentional CRM import test case: future_close_date
CONT-000072,Rohan,Rao,rohan.rao@silverline.com,+91 9893935292,HR Manager,COMP-000072,Silverline 72 Technologies,Contacted,Event Booth,Divyaraj,Hyderabad,Singapore,034100,Y,2026-04-24,2026-03-22,Collected business card at event,negative_deal_value,Intentional CRM import test case: negative_deal_value
CONT-000073,Nisha,Joshi,nisha@gmail.com,+91 9877798790,Marketing Manager,COMP-000073,Redwood 73 Pvt Ltd,Open,Partner,Divyaraj,Hyderabad,Singapore,037964,N,2026-02-16,2026-04-20,Collected business card at event,personal_email_for_business_contact,Intentional CRM import test case: personal_email_for_business_contact
CONT-000074,Arjun,Bose,arjun.bose@zenith.com,+91 9858425464,HR Manager,COMP-000074,Zenith 74 Solutions,Negotiation,Inbound,Sales Rep 1,Singapore,India,025036,N,2026-02-12,2026-04-13,Collected business card at event,company_suffix_variation,Intentional CRM import test case: company_suffix_variation
contact-000010,Sneha,Khan,sneha.khan@alphacore.com,+91 9842258945,Operations Head,COMP-000075,AlphaCore 75 LLC,New,Event Booth,Maya,Bengaluru,UAE,043631,Y,2026-02-28,2026-05-10,Collected business card at event,duplicate_with_different_case,Intentional CRM import test case: duplicate_with_different_case
CONT-000076,Amit,Thomas,aarav.sharma at acme.com,+91 9879372824,Founder,COMP-000076,MetricBee 76 LLC,Contacted,Inbound,Divyaraj,Pune,Singapore,051984,Y,2026-04-20,2026-03-12,Very interested 🚀,emoji_in_field|duplicate_email,Intentional CRM import test case: emoji_in_field; same email as another contact
CONT-000077,Pooja,Verma,pooja.verma@futureflow.com,+91 9822879054,Marketing Manager,COMP-000077,FutureFlow 77 Pvt Ltd,New,Webinar,Anu,Singapore,Singapore,099837,FALSE,2026-04-15,2026-04-28,Collected business card at event,url_missing_protocol,Intentional CRM import test case: url_missing_protocol
CONT-000078,Manoj,Pillai,manoj.pillai@peoplepulse.com,+91 9882176148,Product Lead,COMP-000078,PeoplePulse 78 Solutions,Qualified,Referral,Divyaraj,Kochi,Australia,014965,Yes,2026-04-23,2026-05-08,Collected business card at event,postal_code_as_number,Intentional CRM import test case: postal_code_as_number
CONT-000079,Leena,Jain,leena.jain@swiftops.com,+91 9833889703,TBD,COMP-000079,SwiftOps 79 Technologies,Qualified,LinkedIn,Kiran,Coimbatore,UAE,069129,N,2026-01-28,2026-04-14,Lorem ipsum,placeholder_text,Intentional CRM import test case: placeholder_text
CONT-000080,Farhan,Roy,farhan.roy@clearpath.com,+91 9852467059,CEO,COMP-000080,ClearPath 80 Solutions,Open,Webinar,,Chennai,USA,086756,Yes,2025-11-13,2026-03-18,Collected business card at event,blank_owner,Intentional CRM import test case: blank_owner
CONT-000081,Aarav,Sharma,,+91 9819742790,Founder,COMP-000081,,Qualified,Cold Email,,Singapore,Germany,089503,Yes,2026-02-28,2026-03-24,Collected business card at event,missing_required_field,Intentional CRM import test case: missing_required_field
CONT-000082,Divya,Iyer,divya.iyer at bluepeak.com,+91 9868743898,Product Lead,COMP-000082,BluePeak 82 Inc,Open,Trade Show,Maya,Mumbai,Singapore,027875,N,2026-01-31,2026-03-22,Collected business card at event,invalid_email,Intentional CRM import test case: invalid_email
CONT-000083,Priya,Menon,priya.menon@northstar.com,+91 9883245898,HR Manager,COMP-000001,Northstar 83 Technologies,Demo Scheduled,Cold Email,salesrep2,Singapore,Australia,011461,Y,2025-12-20,2026-05-02,Collected business card at event,duplicate_record,Intentional CRM import test case: duplicate_record
CONT-000084,Rahul,Patel,rahul.patel@vertex.con,+91 9826540343,CEO,COMP-000084,Vertex 84 Inc,New,Partner,Sales Rep 1,New York,USA,049936,No,2026-02-12,2026-04-28,Collected business card at event,typo_in_domain,Intentional CRM import test case: typo_in_domain
CONT-000085,  Neha  ,Kumar, neha.kumar@nimbus.com ,+91 9865385548,Marketing Manager,COMP-000085,  Nimbus 85 Technologies   ,Demo Scheduled,Referral,Anu,London,Germany,035470,Yes,2026-03-26,2026-03-30,Collected business card at event,extra_spaces,Intentional CRM import test case: extra_spaces
CONT-000086,Karthik,Reddy,KARTHIK.REDDY@BRIGHTEDGE.COM,+91 9886140729,ceo,COMP-000086,BRIGHTEDGE 86 PVT LTD,Contacted,Webinar,Kiran,Singapore,USA,042858,Yes,2026-03-22,2026-03-26,Collected business card at event,mixed_case,Intentional CRM import test case: mixed_case
CONT-000087,Ananya,Singh,ananya.singh@cloudnova.com,+91 9887926229,RevOps Manager,COMP-000087,CloudNova 87 Ltd,Lost,Event Booth,Anu,Singapore,Singapore,023113,TRUE,11/05/26,2026-05-07,Collected business card at event,wrong_date_format,Intentional CRM import test case: wrong_date_format
CONT-000088,Vikram,Nair,vikram.nair@greenleaf.com,nine eight seven six,Founder,COMP-000088,GreenLeaf 88 Inc,Contacted,Inbound,Kiran,London,Germany,086568,No,2025-12-18,2026-04-05,Collected business card at event,invalid_phone,Intentional CRM import test case: invalid_phone
CONT-000089,Meera,Mehta,meera.mehta@urbanhive.com,+91 9858921480,Founder,COMP-000089,UrbanHive 89 Solutions,Open,Referral,Divyaraj,Chennai,Germany,039035,N,2025-11-28,2026-04-14,Collected business card at event,country_city_mismatch,Intentional CRM import test case: country_city_mismatch
CONT-000090,Sanjay,Das,sanjay.das@datanest.com,+91 9847135338,Founder,COMP-000090,DataNest 90 LLC,Demo Scheduled,Event Booth,Maya,Kochi,Canada,057020,TRUE,2026-01-07,2026-04-06,Collected business card at event,wrong_currency_format,Intentional CRM import test case: wrong_currency_format
CONT-000091,Isha,Gupta,isha.gupta@quantumworks.com,+91 9824607269,Marketing Manager,COMP-000091,QuantumWorks 91 Solutions,Qualified,Cold Email,,Mumbai,Singapore,044502,N,2025-12-02,2026-05-07,Collected business card at event,invalid_number_text,Intentional CRM import test case: invalid_number_text
CONT-000092,Rohan,Rao,rohan.rao@silverline.com,+91 9820120010,CEO,COMP-999999,Silverline 92 Technologies,New,Partner,,London,Singapore,014804,Y,2026-03-06,2026-04-07,Collected business card at event,bad_lookup_reference,Intentional CRM import test case: bad_lookup_reference
CONT-000093,Nisha Joshi,,nisha.joshi@redwood.com,+91 9882434236,RevOps Manager,COMP-000093,Redwood 93 Ltd,Demo Scheduled,Event Booth,Maya,Delhi,Germany,027548,FALSE,2026-01-03,2026-04-09,Collected business card at event,merged_fields,Intentional CRM import test case: merged_fields
CONT-000094,Arjun,Bose O'Neil;DROP?,arjun.bose@zenith.com,+91 9822153955,Product Lead,COMP-000094,Zenith 94 LLC & Sons/Partners #1,Lost,Trade Show,salesrep2,Delhi,United Kingdom,077388,No,2026-01-17,2026-05-01,Collected business card at event,special_characters,Intentional CRM import test case: special_characters
CONT-000095,Sneha,Khan,sneha.khan@alphacore.com,+91 9834044459,Marketing Manager,COMP-000095,AlphaCore 95 LLC,Contacted,Event Booth,Divyaraj,Delhi,Canada,40375,Yes,2026-03-05,2026-04-18,Collected business card at event,leading_zero_lost,Intentional CRM import test case: leading_zero_lost
CONT-000096,Amit,Thomas,amit.thomas@metricbee.com,+91 9841409454,CEO,COMP-000096,MetricBee 96 Inc,Negotiation,Event Booth,Maya,Kochi,Canada,016086,Yes,2025-11-26,2026-04-21,"Met at booth
Asked for follow-up",newline_in_field,Intentional CRM import test case: newline_in_field
CONT-000097,Pooja,Verma,pooja.verma@futureflow.com,+91 9823854626,HR Manager,COMP-000097,FutureFlow 97 Technologies,Super Hot,Referral,Maya,Singapore,UAE,057880,Y,2025-11-25,2026-03-15,Collected business card at event,unknown_picklist_value,Intentional CRM import test case: unknown_picklist_value
CONT-000098,Manoj,Pillai,manoj.pillai@peoplepulse.com,+91 9820447168,HR Manager,COMP-000098,PeoplePulse 98 Ltd,Open,LinkedIn,Sales Rep 1,Coimbatore,Australia,055224,FALSE,2026-01-08,2026-03-16,Collected business card at event,future_close_date,Intentional CRM import test case: future_close_date
CONT-000099,Leena,Jain,leena.jain@swiftops.com,+91 9891095825,CEO,COMP-000099,SwiftOps 99 Inc,Demo Scheduled,Inbound,Anu,Delhi,USA,077441,N,2026-03-01,2026-04-28,Collected business card at event,negative_deal_value,Intentional CRM import test case: negative_deal_value
CONT-000100,Farhan,Roy,farhan@gmail.com,+91 9830164926,Marketing Manager,COMP-000100,ClearPath 100 Inc,Demo Scheduled,Event Booth,Sales Rep 1,Bengaluru,Singapore,064344,TRUE,2026-04-12,2026-04-11,Collected business card at event,personal_email_for_business_contact,Intentional CRM import test case: personal_email_for_business_contact
CONT-000101,Aarav,Sharma,aarav.sharma@acme.com,+91 9874265413,RevOps Manager,COMP-000101,Acme 101 Private Limited,Negotiation,Referral,salesrep2,Coimbatore,India,041938,Yes,2026-04-09,2026-04-05,Collected business card at event,company_suffix_variation,Intentional CRM import test case: company_suffix_variation
contact-000010,Divya,Iyer,divya.iyer@bluepeak.com,+91 9889503557,Marketing Manager,COMP-000102,BluePeak 102 Ltd,Demo Scheduled,Trade Show,Sales Rep 1,Mumbai,India,031802,TRUE,2026-03-26,2026-04-08,Collected business card at event,duplicate_with_different_case,Intentional CRM import test case: duplicate_with_different_case
CONT-000103,Priya,Menon,priya.menon@northstar.com,+91 9864419425,CEO,COMP-000103,Northstar 103 Inc,Won,Webinar,Anu,Kochi,Canada,073133,No,2026-03-16,2026-03-19,Very interested 🚀,emoji_in_field,Intentional CRM import test case: emoji_in_field
CONT-000104,Rahul,Patel,rahul.patel@vertex.com,+91 9865132193,Marketing Manager,COMP-000104,Vertex 104 Inc,Demo Scheduled,Cold Email,Anu,Singapore,Australia,069437,Y,2025-12-11,2026-05-07,Collected business card at event,url_missing_protocol,Intentional CRM import test case: url_missing_protocol
CONT-000105,Neha,Kumar,neha.kumar@nimbus.com,+91 9840845084,Product Lead,COMP-000105,Nimbus 105 LLC,Open,Referral,Divyaraj,Chennai,Singapore,078512,Y,2025-11-17,2026-04-15,Collected business card at event,postal_code_as_number,Intentional CRM import test case: postal_code_as_number
CONT-000106,Karthik,Reddy,karthik.reddy@brightedge.com,+91 9830073763,TBD,COMP-000106,BrightEdge 106 Solutions,Demo Scheduled,Inbound,Sales Rep 1,London,India,079655,Y,2026-04-11,2026-05-06,Lorem ipsum,placeholder_text,Intentional CRM import test case: placeholder_text
CONT-000107,Ananya,Singh,ananya.singh@cloudnova.com,+91 9874725282,Marketing Manager,COMP-000107,CloudNova 107 Inc,New,Partner,,Coimbatore,Australia,015693,N,2025-12-27,2026-04-14,Collected business card at event,blank_owner,Intentional CRM import test case: blank_owner
CONT-000108,Vikram,Nair,,+91 9840801123,RevOps Manager,COMP-000108,,Open,Event Booth,Sales Rep 1,London,USA,065769,No,2026-03-07,2026-04-11,Collected business card at event,missing_required_field,Intentional CRM import test case: missing_required_field
CONT-000109,Meera,Mehta,meera.mehta at urbanhive.com,+91 9841207351,VP Sales,COMP-000109,UrbanHive 109 Solutions,Won,Partner,Kiran,Delhi,India,010932,Y,2025-12-29,2026-05-04,Collected business card at event,invalid_email,Intentional CRM import test case: invalid_email
CONT-000110,Sanjay,Das,sanjay.das@datanest.com,+91 9879761254,CEO,COMP-000001,DataNest 110 Solutions,Open,LinkedIn,salesrep2,Hyderabad,UAE,057483,Yes,2026-04-02,2026-04-14,Collected business card at event,duplicate_record,Intentional CRM import test case: duplicate_record
CONT-000111,Isha,Gupta,isha.gupta@quantumworks.con,+91 9897453041,HR Manager,COMP-000111,QuantumWorks 111 LLC,Won,Partner,Sales Rep 1,Hyderabad,Germany,099208,FALSE,2026-03-20,2026-04-15,Collected business card at event,typo_in_domain,Intentional CRM import test case: typo_in_domain
CONT-000112,  Rohan  ,Rao, rohan.rao@silverline.com ,+91 9884102271,RevOps Manager,COMP-000112,  Silverline 112 Technologies   ,Demo Scheduled,Event Booth,Sales Rep 1,New York,Canada,043263,TRUE,2025-12-15,2026-04-19,Collected business card at event,extra_spaces,Intentional CRM import test case: extra_spaces
CONT-000113,Nisha,Joshi,NISHA.JOSHI@REDWOOD.COM,+91 9863436070,mARKETING mANAGER,COMP-000113,REDWOOD 113 LTD,Qualified,LinkedIn,Maya,Mumbai,USA,038109,Y,2026-01-29,2026-03-22,Collected business card at event,mixed_case,Intentional CRM import test case: mixed_case
CONT-000114,Arjun,Bose,arjun.bose@zenith.com,+91 9855424358,CEO,COMP-000114,Zenith 114 Technologies,Demo Scheduled,Partner,salesrep2,Chennai,USA,029048,FALSE,11/05/26,2026-04-14,Collected business card at event,wrong_date_format,Intentional CRM import test case: wrong_date_format
CONT-000115,Sneha,Khan,sneha.khan@alphacore.com,nine eight seven six,VP Sales,COMP-000115,AlphaCore 115 Ltd,Won,LinkedIn,Kiran,Bengaluru,India,060374,FALSE,2025-12-05,2026-03-31,Collected business card at event,invalid_phone,Intentional CRM import test case: invalid_phone
CONT-000116,Amit,Thomas,amit.thomas@metricbee.com,+91 9879928180,HR Manager,COMP-000116,MetricBee 116 Solutions,New,Referral,salesrep2,Chennai,Germany,011403,No,2025-11-24,2026-03-13,Collected business card at event,country_city_mismatch,Intentional CRM import test case: country_city_mismatch
CONT-000117,Pooja,Verma,pooja.verma@futureflow.com,+91 9879545356,HR Manager,COMP-000117,FutureFlow 117 LLC,Negotiation,Trade Show,,London,Singapore,090634,No,2025-11-20,2026-05-09,Collected business card at event,wrong_currency_format,Intentional CRM import test case: wrong_currency_format
CONT-000118,Manoj,Pillai,manoj.pillai@peoplepulse.com,+91 9858283485,Operations Head,COMP-000118,PeoplePulse 118 Technologies,New,Referral,Divyaraj,Pune,UAE,056285,N,2026-01-30,2026-04-16,Collected business card at event,invalid_number_text,Intentional CRM import test case: invalid_number_text
CONT-000119,Leena,Jain,leena.jain@swiftops.com,+91 9888662348,Operations Head,COMP-999999,SwiftOps 119 LLC,New,Webinar,Divyaraj,New York,Germany,083284,Y,2026-02-11,2026-04-19,Collected business card at event,bad_lookup_reference,Intentional CRM import test case: bad_lookup_reference
CONT-000120,Farhan Roy,,farhan.roy@clearpath.com,+91 9847112255,Operations Head,COMP-000120,ClearPath 120 Solutions,Negotiation,Inbound,Maya,London,India,044223,No,2026-01-27,2026-04-09,Collected business card at event,merged_fields,Intentional CRM import test case: merged_fields
CONT-000121,Aarav,Sharma O'Neil;DROP?,aarav.sharma@acme.com,+91 9824289484,VP Sales,COMP-000121,Acme 121 Inc & Sons/Partners #1,Won,Event Booth,Divyaraj,New York,Germany,080504,Y,2026-03-08,2026-03-28,Collected business card at event,special_characters,Intentional CRM import test case: special_characters
CONT-000122,Divya,Iyer,divya.iyer@bluepeak.com,+91 9869427400,Product Lead,COMP-000122,BluePeak 122 Inc,Contacted,LinkedIn,,Hyderabad,Canada,99337,FALSE,2025-12-12,2026-03-17,Collected business card at event,leading_zero_lost,Intentional CRM import test case: leading_zero_lost
CONT-000123,Priya,Menon,priya.menon@northstar.com,+91 9813670948,RevOps Manager,COMP-000123,Northstar 123 Inc,Qualified,Cold Email,Divyaraj,Coimbatore,Singapore,098724,N,2026-03-14,2026-03-21,"Met at booth
Asked for follow-up",newline_in_field,Intentional CRM import test case: newline_in_field
CONT-000124,Rahul,Patel,rahul.patel@vertex.com,+91 9852376656,Product Lead,COMP-000124,Vertex 124 LLC,Super Hot,Trade Show,salesrep2,Pune,Singapore,047655,Yes,2026-01-29,2026-03-29,Collected business card at event,unknown_picklist_value,Intentional CRM import test case: unknown_picklist_value
CONT-000125,Neha,Kumar,neha.kumar@nimbus.com,+91 9855901507,VP Sales,COMP-000125,Nimbus 125 Solutions,Demo Scheduled,Inbound,Kiran,Hyderabad,Singapore,085197,TRUE,2026-03-26,2026-03-12,Collected business card at event,future_close_date,Intentional CRM import test case: future_close_date
CONT-000126,Karthik,Reddy,aarav.sharma at acme.com,+91 9835523849,RevOps Manager,COMP-000126,BrightEdge 126 Ltd,Negotiation,LinkedIn,salesrep2,Delhi,Germany,037102,No,2026-03-21,2026-03-19,Collected business card at event,negative_deal_value|duplicate_email,Intentional CRM import test case: negative_deal_value; same email as another contact
CONT-000127,Ananya,Singh,ananya@gmail.com,+91 9843513553,Founder,COMP-000127,CloudNova 127 Ltd,Demo Scheduled,Webinar,Divyaraj,Bengaluru,Canada,090455,Yes,2025-12-24,2026-05-09,Collected business card at event,personal_email_for_business_contact,Intentional CRM import test case: personal_email_for_business_contact
CONT-000128,Vikram,Nair,vikram.nair@greenleaf.com,+91 9874732147,Founder,COMP-000128,GreenLeaf 128 Technologies,Lost,Inbound,Sales Rep 1,Pune,Canada,033969,Y,2026-03-01,2026-04-16,Collected business card at event,company_suffix_variation,Intentional CRM import test case: company_suffix_variation
contact-000010,Meera,Mehta,meera.mehta@urbanhive.com,+91 9839808788,Marketing Manager,COMP-000129,UrbanHive 129 Technologies,New,Partner,Maya,New York,India,075860,TRUE,2026-01-31,2026-03-17,Collected business card at event,duplicate_with_different_case,Intentional CRM import test case: duplicate_with_different_case
CONT-000130,Sanjay,Das,sanjay.das@datanest.com,+91 9833461307,RevOps Manager,COMP-000130,DataNest 130 Technologies,Qualified,Inbound,Kiran,Chennai,India,098356,No,2026-02-03,2026-04-04,Very interested 🚀,emoji_in_field,Intentional CRM import test case: emoji_in_field
CONT-000131,Isha,Gupta,isha.gupta@quantumworks.com,+91 9823522144,Founder,COMP-000131,QuantumWorks 131 Inc,Lost,Cold Email,Anu,New York,Germany,041082,TRUE,2026-01-11,2026-04-02,Collected business card at event,url_missing_protocol,Intentional CRM import test case: url_missing_protocol
CONT-000132,Rohan,Rao,rohan.rao@silverline.com,+91 9856049627,Founder,COMP-000132,Silverline 132 Solutions,Demo Scheduled,Inbound,Maya,Delhi,UAE,058799,TRUE,2026-01-29,2026-04-24,Collected business card at event,postal_code_as_number,Intentional CRM import test case: postal_code_as_number
CONT-000133,Nisha,Joshi,nisha.joshi@redwood.com,+91 9870495821,TBD,COMP-000133,Redwood 133 Technologies,Demo Scheduled,LinkedIn,,Bengaluru,Germany,040907,Y,2026-01-21,2026-03-18,Lorem ipsum,placeholder_text,Intentional CRM import test case: placeholder_text
CONT-000134,Arjun,Bose,arjun.bose@zenith.com,+91 9861121302,Operations Head,COMP-000134,Zenith 134 Technologies,Demo Scheduled,Referral,,Chennai,United Kingdom,065249,FALSE,2026-04-07,2026-03-15,Collected business card at event,blank_owner,Intentional CRM import test case: blank_owner
CONT-000135,Sneha,Khan,,+91 9894644676,Founder,COMP-000135,,Contacted,Cold Email,Kiran,New York,India,062219,Yes,2025-11-16,2026-05-01,Collected business card at event,missing_required_field,Intentional CRM import test case: missing_required_field
CONT-000136,Amit,Thomas,amit.thomas at metricbee.com,+91 9818057946,Operations Head,COMP-000136,MetricBee 136 Inc,Won,Inbound,,Singapore,USA,068963,N,2026-02-15,2026-04-25,Collected business card at event,invalid_email,Intentional CRM import test case: invalid_email
CONT-000137,Pooja,Verma,pooja.verma@futureflow.com,+91 9858447502,Founder,COMP-000001,FutureFlow 137 Solutions,Won,Event Booth,Divyaraj,Coimbatore,USA,056018,N,2025-12-07,2026-04-29,Collected business card at event,duplicate_record,Intentional CRM import test case: duplicate_record
CONT-000138,Manoj,Pillai,manoj.pillai@peoplepulse.con,+91 9887424000,Marketing Manager,COMP-000138,PeoplePulse 138 Pvt Ltd,Won,Event Booth,Kiran,Singapore,Canada,068580,Yes,2026-02-03,2026-04-02,Collected business card at event,typo_in_domain,Intentional CRM import test case: typo_in_domain
CONT-000139,  Leena  ,Jain, leena.jain@swiftops.com ,+91 9848456543,RevOps Manager,COMP-000139,  SwiftOps 139 Inc   ,Demo Scheduled,Referral,salesrep2,Hyderabad,UAE,092742,Y,2025-12-16,2026-04-16,Collected business card at event,extra_spaces,Intentional CRM import test case: extra_spaces
CONT-000140,Farhan,Roy,FARHAN.ROY@CLEARPATH.COM,+91 9819575640,vp sALES,COMP-000140,CLEARPATH 140 LLC,Demo Scheduled,Event Booth,Anu,Hyderabad,Australia,095591,TRUE,2026-03-04,2026-04-03,Collected business card at event,mixed_case,Intentional CRM import test case: mixed_case
CONT-000141,Aarav,Sharma,aarav.sharma@acme.com,+91 9896522692,Product Lead,COMP-000141,Acme 141 LLC,Won,Inbound,,Hyderabad,Canada,064262,No,11/05/26,2026-03-18,Collected business card at event,wrong_date_format,Intentional CRM import test case: wrong_date_format
CONT-000142,Divya,Iyer,divya.iyer@bluepeak.com,nine eight seven six,Marketing Manager,COMP-000142,BluePeak 142 LLC,Negotiation,Cold Email,salesrep2,Bengaluru,Singapore,031877,FALSE,2026-04-15,2026-05-05,Collected business card at event,invalid_phone,Intentional CRM import test case: invalid_phone
CONT-000143,Priya,Menon,priya.menon@northstar.com,+91 9818562070,RevOps Manager,COMP-000143,Northstar 143 Ltd,New,Trade Show,,Chennai,Germany,023622,TRUE,2025-12-04,2026-05-02,Collected business card at event,country_city_mismatch,Intentional CRM import test case: country_city_mismatch
CONT-000144,Rahul,Patel,rahul.patel@vertex.com,+91 9821316066,Product Lead,COMP-000144,Vertex 144 Technologies,Won,LinkedIn,Anu,Pune,Canada,092114,No,2026-04-08,2026-04-08,Collected business card at event,wrong_currency_format,Intentional CRM import test case: wrong_currency_format
CONT-000145,Neha,Kumar,neha.kumar@nimbus.com,+91 9832898616,CEO,COMP-000145,Nimbus 145 Ltd,New,Event Booth,,Hyderabad,Canada,071235,Y,2026-03-03,2026-04-06,Collected business card at event,invalid_number_text,Intentional CRM import test case: invalid_number_text
CONT-000146,Karthik,Reddy,karthik.reddy@brightedge.com,+91 9869706076,Marketing Manager,COMP-999999,BrightEdge 146 LLC,Demo Scheduled,Inbound,salesrep2,Singapore,UAE,078610,N,2025-11-29,2026-04-07,Collected business card at event,bad_lookup_reference,Intentional CRM import test case: bad_lookup_reference
CONT-000147,Ananya Singh,,ananya.singh@cloudnova.com,+91 9851562039,Founder,COMP-000147,CloudNova 147 LLC,Contacted,LinkedIn,,Bengaluru,Canada,050352,TRUE,2026-01-26,2026-04-25,Collected business card at event,merged_fields,Intentional CRM import test case: merged_fields
CONT-000148,Vikram,Nair O'Neil;DROP?,vikram.nair@greenleaf.com,+91 9830900054,HR Manager,COMP-000148,GreenLeaf 148 LLC & Sons/Partners #1,New,Trade Show,Sales Rep 1,Mumbai,Australia,047586,FALSE,2025-12-26,2026-05-11,Collected business card at event,special_characters,Intentional CRM import test case: special_characters
CONT-000149,Meera,Mehta,meera.mehta@urbanhive.com,+91 9876025948,RevOps Manager,COMP-000149,UrbanHive 149 Technologies,Won,Trade Show,,Coimbatore,Germany,88250,No,2026-05-10,2026-04-06,Collected business card at event,leading_zero_lost,Intentional CRM import test case: leading_zero_lost
CONT-000150,Sanjay,Das,sanjay.das@datanest.com,+91 9860149632,Operations Head,COMP-000150,DataNest 150 Pvt Ltd,Open,Partner,Maya,Delhi,United Kingdom,094671,FALSE,2026-02-04,2026-04-27,"Met at booth
Asked for follow-up",newline_in_field,Intentional CRM import test case: newline_in_field
CONT-000151,Isha,Gupta,isha.gupta@quantumworks.com,+91 9845296615,VP Sales,COMP-000151,QuantumWorks 151 LLC,Super Hot,LinkedIn,Sales Rep 1,London,Germany,047313,N,2025-12-26,2026-03-21,Collected business card at event,unknown_picklist_value,Intentional CRM import test case: unknown_picklist_value
CONT-000152,Rohan,Rao,rohan.rao@silverline.com,+91 9846080681,Product Lead,COMP-000152,Silverline 152 Inc,Negotiation,Webinar,Anu,Mumbai,Germany,024464,N,2026-01-15,2026-04-02,Collected business card at event,future_close_date,Intentional CRM import test case: future_close_date
CONT-000153,Nisha,Joshi,nisha.joshi@redwood.com,+91 9870769389,HR Manager,COMP-000153,Redwood 153 LLC,Contacted,LinkedIn,Kiran,Chennai,United Kingdom,016505,Y,2026-05-06,2026-04-30,Collected business card at event,negative_deal_value,Intentional CRM import test case: negative_deal_value
CONT-000154,Arjun,Bose,arjun@gmail.com,+91 9823726915,HR Manager,COMP-000154,Zenith 154 Technologies,Won,Referral,salesrep2,Kochi,India,040514,Yes,2026-04-03,2026-05-11,Collected business card at event,personal_email_for_business_contact,Intentional CRM import test case: personal_email_for_business_contact
CONT-000155,Sneha,Khan,sneha.khan@alphacore.com,+91 9876247126,Operations Head,COMP-000155,AlphaCore 155 Inc,Lost,Partner,Kiran,Kochi,Australia,070776,N,2026-05-03,2026-04-20,Collected business card at event,company_suffix_variation,Intentional CRM import test case: company_suffix_variation
contact-000010,Amit,Thomas,amit.thomas@metricbee.com,+91 9820767361,Marketing Manager,COMP-000156,MetricBee 156 LLC,New,Cold Email,,Coimbatore,USA,081197,FALSE,2026-03-26,2026-04-29,Collected business card at event,duplicate_with_different_case,Intentional CRM import test case: duplicate_with_different_case
CONT-000157,Pooja,Verma,pooja.verma@futureflow.com,+91 9843565097,Product Lead,COMP-000157,FutureFlow 157 Technologies,New,Webinar,,Delhi,UAE,068059,No,2026-05-03,2026-04-29,Very interested 🚀,emoji_in_field,Intentional CRM import test case: emoji_in_field
CONT-000158,Manoj,Pillai,manoj.pillai@peoplepulse.com,+91 9871852177,VP Sales,COMP-000158,PeoplePulse 158 Inc,Negotiation,Inbound,Maya,Singapore,Germany,052344,No,2025-12-01,2026-03-26,Collected business card at event,url_missing_protocol,Intentional CRM import test case: url_missing_protocol
CONT-000159,Leena,Jain,leena.jain@swiftops.com,+91 9815662097,VP Sales,COMP-000159,SwiftOps 159 Technologies,Won,Inbound,salesrep2,Pune,Singapore,057241,Yes,2025-11-22,2026-04-28,Collected business card at event,postal_code_as_number,Intentional CRM import test case: postal_code_as_number
CONT-000160,Farhan,Roy,farhan.roy@clearpath.com,+91 9825157001,TBD,COMP-000160,ClearPath 160 Solutions,Open,Event Booth,Divyaraj,Mumbai,Germany,086637,Yes,2026-01-30,2026-03-22,Lorem ipsum,placeholder_text,Intentional CRM import test case: placeholder_text
CONT-000161,Aarav,Sharma,aarav.sharma@acme.com,+91 9842626898,CEO,COMP-000161,Acme 161 Solutions,New,Inbound,,London,United Kingdom,058679,Yes,2026-03-09,2026-05-01,Collected business card at event,blank_owner,Intentional CRM import test case: blank_owner
CONT-000162,Divya,Iyer,,+91 9877098020,VP Sales,COMP-000162,,Lost,Trade Show,Divyaraj,Hyderabad,United Kingdom,080300,Yes,2026-04-09,2026-04-10,Collected business card at event,missing_required_field,Intentional CRM import test case: missing_required_field
CONT-000163,Priya,Menon,priya.menon at northstar.com,+91 9841229060,Founder,COMP-000163,Northstar 163 Ltd,Lost,Inbound,salesrep2,Delhi,India,059514,TRUE,2026-04-07,2026-04-25,Collected business card at event,invalid_email,Intentional CRM import test case: invalid_email
CONT-000164,Rahul,Patel,rahul.patel@vertex.com,+91 9815300062,RevOps Manager,COMP-000001,Vertex 164 Inc,Contacted,Cold Email,Sales Rep 1,Kochi,Singapore,084278,No,2025-12-23,2026-04-19,Collected business card at event,duplicate_record,Intentional CRM import test case: duplicate_record
CONT-000165,Neha,Kumar,neha.kumar@nimbus.con,+91 9853443711,RevOps Manager,COMP-000165,Nimbus 165 Inc,Won,Referral,Divyaraj,New York,United Kingdom,068901,TRUE,2026-03-05,2026-04-07,Collected business card at event,typo_in_domain,Intentional CRM import test case: typo_in_domain
CONT-000166,  Karthik  ,Reddy, karthik.reddy@brightedge.com ,+91 9859273033,RevOps Manager,COMP-000166,  BrightEdge 166 Solutions   ,New,Partner,salesrep2,Mumbai,India,091229,TRUE,2025-12-04,2026-04-26,Collected business card at event,extra_spaces,Intentional CRM import test case: extra_spaces
CONT-000167,Ananya,Singh,ANANYA.SINGH@CLOUDNOVA.COM,+91 9853042832,vp sALES,COMP-000167,CLOUDNOVA 167 INC,Open,LinkedIn,Sales Rep 1,Singapore,Canada,082281,No,2025-12-06,2026-04-23,Collected business card at event,mixed_case,Intentional CRM import test case: mixed_case
CONT-000168,Vikram,Nair,vikram.nair@greenleaf.com,+91 9853298644,Product Lead,COMP-000168,GreenLeaf 168 Pvt Ltd,Lost,Webinar,Divyaraj,New York,USA,015737,No,11/05/26,2026-03-17,Collected business card at event,wrong_date_format,Intentional CRM import test case: wrong_date_format
CONT-000169,Meera,Mehta,meera.mehta@urbanhive.com,nine eight seven six,Operations Head,COMP-000169,UrbanHive 169 Ltd,Qualified,Inbound,Anu,Bengaluru,India,084843,N,2026-02-01,2026-03-30,Collected business card at event,invalid_phone,Intentional CRM import test case: invalid_phone
CONT-000170,Sanjay,Das,sanjay.das@datanest.com,+91 9875754558,HR Manager,COMP-000170,DataNest 170 Inc,New,Event Booth,Anu,Chennai,Germany,011715,No,2025-11-25,2026-04-10,Collected business card at event,country_city_mismatch,Intentional CRM import test case: country_city_mismatch
CONT-000171,Isha,Gupta,isha.gupta@quantumworks.com,+91 9820731620,RevOps Manager,COMP-000171,QuantumWorks 171 Solutions,New,Event Booth,Sales Rep 1,Coimbatore,Australia,017641,Y,2026-03-04,2026-04-08,Collected business card at event,wrong_currency_format,Intentional CRM import test case: wrong_currency_format
CONT-000172,Rohan,Rao,rohan.rao@silverline.com,+91 9815456373,VP Sales,COMP-000172,Silverline 172 Ltd,Won,Webinar,Anu,New York,USA,023267,N,2026-03-13,2026-04-07,Collected business card at event,invalid_number_text,Intentional CRM import test case: invalid_number_text
CONT-000173,Nisha,Joshi,nisha.joshi@redwood.com,+91 9861718263,Operations Head,COMP-999999,Redwood 173 LLC,Negotiation,LinkedIn,Sales Rep 1,Singapore,United Kingdom,083193,N,2025-12-20,2026-04-15,Collected business card at event,bad_lookup_reference,Intentional CRM import test case: bad_lookup_reference
CONT-000174,Arjun Bose,,arjun.bose@zenith.com,+91 9824161873,Founder,COMP-000174,Zenith 174 LLC,Contacted,Partner,Divyaraj,Mumbai,United Kingdom,082085,FALSE,2026-01-02,2026-04-20,Collected business card at event,merged_fields,Intentional CRM import test case: merged_fields
CONT-000175,Sneha,Khan O'Neil;DROP?,sneha.khan@alphacore.com,+91 9898252435,Marketing Manager,COMP-000175,AlphaCore 175 Solutions & Sons/Partners #1,Contacted,Event Booth,Kiran,New York,Australia,058722,FALSE,2025-11-30,2026-04-14,Collected business card at event,special_characters,Intentional CRM import test case: special_characters
CONT-000176,Amit,Thomas,aarav.sharma at acme.com,+91 9853412847,Operations Head,COMP-000176,MetricBee 176 Technologies,Negotiation,Partner,,New York,Germany,57187,FALSE,2026-01-17,2026-04-16,Collected business card at event,leading_zero_lost|duplicate_email,Intentional CRM import test case: leading_zero_lost; same email as another contact
CONT-000177,Pooja,Verma,pooja.verma@futureflow.com,+91 9810026256,CEO,COMP-000177,FutureFlow 177 Technologies,Won,Trade Show,Sales Rep 1,Mumbai,Germany,010860,TRUE,2026-03-16,2026-04-28,"Met at booth
Asked for follow-up",newline_in_field,Intentional CRM import test case: newline_in_field
CONT-000178,Manoj,Pillai,manoj.pillai@peoplepulse.com,+91 9852265790,CEO,COMP-000178,PeoplePulse 178 Ltd,Super Hot,Referral,Divyaraj,Chennai,Canada,056616,No,2026-04-06,2026-04-25,Collected business card at event,unknown_picklist_value,Intentional CRM import test case: unknown_picklist_value
CONT-000179,Leena,Jain,leena.jain@swiftops.com,+91 9859269031,Operations Head,COMP-000179,SwiftOps 179 Solutions,Negotiation,Cold Email,,Pune,USA,084774,FALSE,2025-12-17,2026-03-14,Collected business card at event,future_close_date,Intentional CRM import test case: future_close_date
CONT-000180,Farhan,Roy,farhan.roy@clearpath.com,+91 9839183937,VP Sales,COMP-000180,ClearPath 180 Pvt Ltd,Lost,Inbound,Anu,Kochi,USA,088018,N,2026-02-24,2026-05-09,Collected business card at event,negative_deal_value,Intentional CRM import test case: negative_deal_value
CONT-000181,Aarav,Sharma,aarav@gmail.com,+91 9887347488,Product Lead,COMP-000181,Acme 181 LLC,Qualified,Trade Show,,Hyderabad,Australia,066925,FALSE,2026-04-11,2026-03-17,Collected business card at event,personal_email_for_business_contact,Intentional CRM import test case: personal_email_for_business_contact
CONT-000182,Divya,Iyer,divya.iyer@bluepeak.com,+91 9840429530,CEO,COMP-000182,BluePeak 182 Inc,Open,Trade Show,Kiran,New York,India,051853,Y,2025-12-18,2026-05-02,Collected business card at event,company_suffix_variation,Intentional CRM import test case: company_suffix_variation
contact-000010,Priya,Menon,priya.menon@northstar.com,+91 9853866598,Operations Head,COMP-000183,Northstar 183 Ltd,Demo Scheduled,Trade Show,salesrep2,Coimbatore,Canada,088005,Y,2026-01-02,2026-05-06,Collected business card at event,duplicate_with_different_case,Intentional CRM import test case: duplicate_with_different_case
CONT-000184,Rahul,Patel,rahul.patel@vertex.com,+91 9839807828,Product Lead,COMP-000184,Vertex 184 Pvt Ltd,Won,Partner,Anu,Mumbai,Australia,020819,FALSE,2025-12-16,2026-03-25,Very interested 🚀,emoji_in_field,Intentional CRM import test case: emoji_in_field
CONT-000185,Neha,Kumar,neha.kumar@nimbus.com,+91 9816618423,Product Lead,COMP-000185,Nimbus 185 Inc,Won,Webinar,Maya,New York,UAE,027088,No,2026-01-08,2026-04-06,Collected business card at event,url_missing_protocol,Intentional CRM import test case: url_missing_protocol
CONT-000186,Karthik,Reddy,karthik.reddy@brightedge.com,+91 9836589676,RevOps Manager,COMP-000186,BrightEdge 186 LLC,Open,LinkedIn,Sales Rep 1,London,Singapore,041760,Yes,2026-03-04,2026-03-23,Collected business card at event,postal_code_as_number,Intentional CRM import test case: postal_code_as_number
CONT-000187,Ananya,Singh,ananya.singh@cloudnova.com,+91 9867722445,TBD,COMP-000187,CloudNova 187 Ltd,Qualified,Webinar,salesrep2,Coimbatore,UAE,057876,TRUE,2026-03-24,2026-04-21,Lorem ipsum,placeholder_text,Intentional CRM import test case: placeholder_text
CONT-000188,Vikram,Nair,vikram.nair@greenleaf.com,+91 9856241350,CEO,COMP-000188,GreenLeaf 188 Technologies,Won,Referral,,London,Canada,091681,No,2026-01-19,2026-05-09,Collected business card at event,blank_owner,Intentional CRM import test case: blank_owner
CONT-000189,Meera,Mehta,,+91 9841338443,Operations Head,COMP-000189,,Lost,Referral,,Bengaluru,USA,017148,No,2025-12-04,2026-03-13,Collected business card at event,missing_required_field,Intentional CRM import test case: missing_required_field
CONT-000190,Sanjay,Das,sanjay.das at datanest.com,+91 9829820881,HR Manager,COMP-000190,DataNest 190 Solutions,New,Event Booth,salesrep2,Bengaluru,Germany,068990,FALSE,2026-05-06,2026-04-20,Collected business card at event,invalid_email,Intentional CRM import test case: invalid_email
CONT-000191,Isha,Gupta,isha.gupta@quantumworks.com,+91 9838052785,Operations Head,COMP-000001,QuantumWorks 191 Inc,Negotiation,Cold Email,Sales Rep 1,Kochi,United Kingdom,097590,Yes,2026-02-04,2026-04-04,Collected business card at event,duplicate_record,Intentional CRM import test case: duplicate_record
CONT-000192,Rohan,Rao,rohan.rao@silverline.con,+91 9899057266,CEO,COMP-000192,Silverline 192 Technologies,Won,Referral,Divyaraj,Pune,Singapore,090997,TRUE,2026-04-28,2026-04-12,Collected business card at event,typo_in_domain,Intentional CRM import test case: typo_in_domain
CONT-000193,  Nisha  ,Joshi, nisha.joshi@redwood.com ,+91 9897880113,CEO,COMP-000193,  Redwood 193 Solutions   ,Qualified,Partner,salesrep2,Pune,Australia,024141,Yes,2026-02-26,2026-03-17,Collected business card at event,extra_spaces,Intentional CRM import test case: extra_spaces
CONT-000194,Arjun,Bose,ARJUN.BOSE@ZENITH.COM,+91 9897162488,pRODUCT lEAD,COMP-000194,ZENITH 194 LLC,Negotiation,Partner,Sales Rep 1,Bengaluru,Australia,073525,Y,2025-12-26,2026-05-06,Collected business card at event,mixed_case,Intentional CRM import test case: mixed_case
CONT-000195,Sneha,Khan,sneha.khan@alphacore.com,+91 9835020518,Operations Head,COMP-000195,AlphaCore 195 Solutions,Contacted,Trade Show,Divyaraj,Delhi,Germany,053721,FALSE,11/05/26,2026-03-25,Collected business card at event,wrong_date_format,Intentional CRM import test case: wrong_date_format
CONT-000196,Amit,Thomas,amit.thomas@metricbee.com,nine eight seven six,CEO,COMP-000196,MetricBee 196 LLC,Lost,Event Booth,Kiran,Singapore,Germany,040959,Y,2026-03-02,2026-03-21,Collected business card at event,invalid_phone,Intentional CRM import test case: invalid_phone
CONT-000197,Pooja,Verma,pooja.verma@futureflow.com,+91 9818322800,HR Manager,COMP-000197,FutureFlow 197 Pvt Ltd,Open,Trade Show,Sales Rep 1,Chennai,Germany,029884,TRUE,2026-01-31,2026-03-30,Collected business card at event,country_city_mismatch,Intentional CRM import test case: country_city_mismatch
CONT-000198,Manoj,Pillai,manoj.pillai@peoplepulse.com,+91 9828422816,VP Sales,COMP-000198,PeoplePulse 198 Inc,Open,LinkedIn,Maya,Delhi,United Kingdom,065897,TRUE,2025-12-08,2026-04-20,Collected business card at event,wrong_currency_format,Intentional CRM import test case: wrong_currency_format
CONT-000199,Leena,Jain,leena.jain@swiftops.com,+91 9870286467,Marketing Manager,COMP-000199,SwiftOps 199 Inc,Negotiation,Referral,Sales Rep 1,New York,Singapore,028102,TRUE,2025-11-16,2026-03-27,Collected business card at event,invalid_number_text,Intentional CRM import test case: invalid_number_text
CONT-000200,Farhan,Roy,farhan.roy@clearpath.com,+91 9880303981,Marketing Manager,COMP-999999,ClearPath 200 Pvt Ltd,Open,Referral,salesrep2,London,United Kingdom,051614,Yes,2025-12-20,2026-04-07,Collected business card at event,bad_lookup_reference,Intentional CRM import test case: bad_lookup_reference
CONT-000201,Aarav Sharma,,aarav.sharma@acme.com,+91 9825889673,Marketing Manager,COMP-000201,Acme 201 Solutions,Lost,Referral,salesrep2,Chennai,Australia,064269,FALSE,2026-02-23,2026-04-13,Collected business card at event,merged_fields,Intentional CRM import test case: merged_fields
CONT-000202,Divya,Iyer O'Neil;DROP?,divya.iyer@bluepeak.com,+91 9895476210,HR Manager,COMP-000202,BluePeak 202 Inc & Sons/Partners #1,Demo Scheduled,LinkedIn,Divyaraj,Mumbai,United Kingdom,013433,Y,2025-12-05,2026-04-24,Collected business card at event,special_characters,Intentional CRM import test case: special_characters
CONT-000203,Priya,Menon,priya.menon@northstar.com,+91 9891282861,Operations Head,COMP-000203,Northstar 203 LLC,Negotiation,LinkedIn,salesrep2,Chennai,Australia,20417,N,2026-01-09,2026-05-03,Collected business card at event,leading_zero_lost,Intentional CRM import test case: leading_zero_lost
CONT-000204,Rahul,Patel,rahul.patel@vertex.com,+91 9877420864,RevOps Manager,COMP-000204,Vertex 204 Pvt Ltd,Lost,Referral,,Coimbatore,Canada,072108,No,2026-03-31,2026-04-29,"Met at booth
Asked for follow-up",newline_in_field,Intentional CRM import test case: newline_in_field
CONT-000205,Neha,Kumar,neha.kumar@nimbus.com,+91 9840369856,CEO,COMP-000205,Nimbus 205 Ltd,Super Hot,Trade Show,Kiran,Coimbatore,Singapore,097993,No,2026-03-20,2026-05-07,Collected business card at event,unknown_picklist_value,Intentional CRM import test case: unknown_picklist_value
CONT-000206,Karthik,Reddy,karthik.reddy@brightedge.com,+91 9833767033,RevOps Manager,COMP-000206,BrightEdge 206 Technologies,Contacted,Event Booth,,Kochi,Singapore,066040,FALSE,2026-05-01,2026-04-03,Collected business card at event,future_close_date,Intentional CRM import test case: future_close_date
CONT-000207,Ananya,Singh,ananya.singh@cloudnova.com,+91 9861052956,Founder,COMP-000207,CloudNova 207 Solutions,Open,Trade Show,Sales Rep 1,Bengaluru,Canada,069886,Yes,2026-03-10,2026-04-08,Collected business card at event,negative_deal_value,Intentional CRM import test case: negative_deal_value
CONT-000208,Vikram,Nair,vikram@gmail.com,+91 9882191574,Product Lead,COMP-000208,GreenLeaf 208 LLC,New,Partner,Sales Rep 1,Singapore,India,034884,TRUE,2026-01-19,2026-04-16,Collected business card at event,personal_email_for_business_contact,Intentional CRM import test case: personal_email_for_business_contact
CONT-000209,Meera,Mehta,meera.mehta@urbanhive.com,+91 9850876565,HR Manager,COMP-000209,UrbanHive 209 Private Limited,Contacted,Referral,Maya,Pune,India,077760,No,2026-01-13,2026-03-19,Collected business card at event,company_suffix_variation,Intentional CRM import test case: company_suffix_variation
contact-000010,Sanjay,Das,sanjay.das@datanest.com,+91 9896718276,RevOps Manager,COMP-000210,DataNest 210 Solutions,Qualified,Webinar,Anu,London,United Kingdom,061520,FALSE,2026-02-18,2026-04-13,Collected business card at event,duplicate_with_different_case,Intentional CRM import test case: duplicate_with_different_case
CONT-000211,Isha,Gupta,isha.gupta@quantumworks.com,+91 9813343647,Marketing Manager,COMP-000211,QuantumWorks 211 LLC,Contacted,LinkedIn,Maya,Bengaluru,Germany,052477,N,2025-11-26,2026-03-14,Very interested 🚀,emoji_in_field,Intentional CRM import test case: emoji_in_field
CONT-000212,Rohan,Rao,rohan.rao@silverline.com,+91 9832010905,VP Sales,COMP-000212,Silverline 212 Pvt Ltd,Qualified,Webinar,salesrep2,Kochi,Australia,021181,Y,2026-02-02,2026-03-26,Collected business card at event,url_missing_protocol,Intentional CRM import test case: url_missing_protocol
CONT-000213,Nisha,Joshi,nisha.joshi@redwood.com,+91 9878674708,Marketing Manager,COMP-000213,Redwood 213 Solutions,Open,Partner,Divyaraj,Mumbai,Australia,084120,N,2026-04-03,2026-05-01,Collected business card at event,postal_code_as_number,Intentional CRM import test case: postal_code_as_number
CONT-000214,Arjun,Bose,arjun.bose@zenith.com,+91 9829408873,TBD,COMP-000214,Zenith 214 Pvt Ltd,New,Partner,Kiran,Pune,Canada,047851,N,2026-03-26,2026-05-04,Lorem ipsum,placeholder_text,Intentional CRM import test case: placeholder_text
CONT-000215,Sneha,Khan,sneha.khan@alphacore.com,+91 9827659164,Operations Head,COMP-000215,AlphaCore 215 Technologies,New,Cold Email,,Kochi,Canada,075358,Y,2026-05-10,2026-04-03,Collected business card at event,blank_owner,Intentional CRM import test case: blank_owner
CONT-000216,Amit,Thomas,,+91 9876231992,Operations Head,COMP-000216,,Negotiation,Inbound,Maya,Coimbatore,Canada,020407,Y,2025-12-09,2026-05-11,Collected business card at event,missing_required_field,Intentional CRM import test case: missing_required_field
CONT-000217,Pooja,Verma,pooja.verma at futureflow.com,+91 9842844845,HR Manager,COMP-000217,FutureFlow 217 Technologies,Negotiation,Trade Show,Anu,Mumbai,India,095626,TRUE,2026-05-02,2026-05-02,Collected business card at event,invalid_email,Intentional CRM import test case: invalid_email
CONT-000218,Manoj,Pillai,manoj.pillai@peoplepulse.com,+91 9814352961,HR Manager,COMP-000001,PeoplePulse 218 Solutions,Lost,Webinar,Divyaraj,Bengaluru,UAE,033363,No,2025-11-20,2026-04-23,Collected business card at event,duplicate_record,Intentional CRM import test case: duplicate_record
CONT-000219,Leena,Jain,leena.jain@swiftops.con,+91 9892019078,Marketing Manager,COMP-000219,SwiftOps 219 Technologies,Contacted,Event Booth,Divyaraj,Bengaluru,Germany,052312,TRUE,2026-02-03,2026-03-20,Collected business card at event,typo_in_domain,Intentional CRM import test case: typo_in_domain
CONT-000220,  Farhan  ,Roy, farhan.roy@clearpath.com ,+91 9819082067,Product Lead,COMP-000220,  ClearPath 220 Ltd   ,Qualified,Cold Email,Maya,Mumbai,USA,045968,TRUE,2025-12-28,2026-04-15,Collected business card at event,extra_spaces,Intentional CRM import test case: extra_spaces
CONT-000221,Aarav,Sharma,AARAV.SHARMA@ACME.COM,+91 9880416822,oPERATIONS hEAD,COMP-000221,ACME 221 SOLUTIONS,Negotiation,Trade Show,Divyaraj,London,USA,073394,N,2025-11-16,2026-04-03,Collected business card at event,mixed_case,Intentional CRM import test case: mixed_case
CONT-000222,Divya,Iyer,divya.iyer@bluepeak.com,+91 9848545627,Product Lead,COMP-000222,BluePeak 222 Ltd,Lost,Cold Email,Sales Rep 1,London,Australia,027001,Y,11/05/26,2026-04-10,Collected business card at event,wrong_date_format,Intentional CRM import test case: wrong_date_format
CONT-000223,Priya,Menon,priya.menon@northstar.com,nine eight seven six,RevOps Manager,COMP-000223,Northstar 223 Ltd,Contacted,Referral,Sales Rep 1,Delhi,Germany,035369,Yes,2026-04-11,2026-05-10,Collected business card at event,invalid_phone,Intentional CRM import test case: invalid_phone
CONT-000224,Rahul,Patel,rahul.patel@vertex.com,+91 9872395893,VP Sales,COMP-000224,Vertex 224 Ltd,Negotiation,Partner,Maya,Chennai,Germany,055829,Y,2025-11-29,2026-04-28,Collected business card at event,country_city_mismatch,Intentional CRM import test case: country_city_mismatch
CONT-000225,Neha,Kumar,neha.kumar@nimbus.com,+91 9811516293,Operations Head,COMP-000225,Nimbus 225 Solutions,Won,Cold Email,,Bengaluru,Germany,049358,Y,2025-12-22,2026-04-21,Collected business card at event,wrong_currency_format,Intentional CRM import test case: wrong_currency_format
CONT-000226,Karthik,Reddy,aarav.sharma at acme.com,+91 9810822924,VP Sales,COMP-000226,BrightEdge 226 Inc,Lost,Event Booth,Maya,London,India,033020,No,2026-02-16,2026-03-19,Collected business card at event,invalid_number_text|duplicate_email,Intentional CRM import test case: invalid_number_text; same email as another contact
CONT-000227,Ananya,Singh,ananya.singh@cloudnova.com,+91 9855357116,RevOps Manager,COMP-999999,CloudNova 227 Pvt Ltd,Contacted,Trade Show,salesrep2,Mumbai,Canada,030366,N,2026-01-14,2026-03-15,Collected business card at event,bad_lookup_reference,Intentional CRM import test case: bad_lookup_reference
CONT-000228,Vikram Nair,,vikram.nair@greenleaf.com,+91 9882070563,Founder,COMP-000228,GreenLeaf 228 Ltd,Contacted,Partner,salesrep2,Chennai,Germany,084048,N,2025-11-19,2026-04-21,Collected business card at event,merged_fields,Intentional CRM import test case: merged_fields
CONT-000229,Meera,Mehta O'Neil;DROP?,meera.mehta@urbanhive.com,+91 9884514623,CEO,COMP-000229,UrbanHive 229 LLC & Sons/Partners #1,Negotiation,Event Booth,,Hyderabad,USA,029569,TRUE,2026-05-04,2026-04-20,Collected business card at event,special_characters,Intentional CRM import test case: special_characters
CONT-000230,Sanjay,Das,sanjay.das@datanest.com,+91 9860363964,Marketing Manager,COMP-000230,DataNest 230 Inc,Open,Referral,Sales Rep 1,Bengaluru,Germany,51222,N,2026-05-03,2026-04-24,Collected business card at event,leading_zero_lost,Intentional CRM import test case: leading_zero_lost
CONT-000231,Isha,Gupta,isha.gupta@quantumworks.com,+91 9865548633,VP Sales,COMP-000231,QuantumWorks 231 Solutions,Contacted,LinkedIn,Kiran,Kochi,Germany,038329,Y,2026-02-23,2026-04-30,"Met at booth
Asked for follow-up",newline_in_field,Intentional CRM import test case: newline_in_field
CONT-000232,Rohan,Rao,rohan.rao@silverline.com,+91 9825063426,Founder,COMP-000232,Silverline 232 LLC,Super Hot,LinkedIn,Divyaraj,Kochi,India,073263,Y,2026-04-02,2026-04-29,Collected business card at event,unknown_picklist_value,Intentional CRM import test case: unknown_picklist_value
CONT-000233,Nisha,Joshi,nisha.joshi@redwood.com,+91 9855649583,RevOps Manager,COMP-000233,Redwood 233 LLC,Won,Event Booth,Anu,Bengaluru,United Kingdom,036894,N,2026-05-02,2026-04-12,Collected business card at event,future_close_date,Intentional CRM import test case: future_close_date
CONT-000234,Arjun,Bose,arjun.bose@zenith.com,+91 9862021209,VP Sales,COMP-000234,Zenith 234 Inc,New,Cold Email,Divyaraj,Singapore,USA,053684,FALSE,2026-04-30,2026-05-05,Collected business card at event,negative_deal_value,Intentional CRM import test case: negative_deal_value
CONT-000235,Sneha,Khan,sneha@gmail.com,+91 9879870757,HR Manager,COMP-000235,AlphaCore 235 Technologies,New,Cold Email,salesrep2,Delhi,Australia,036287,No,2026-02-27,2026-04-24,Collected business card at event,personal_email_for_business_contact,Intentional CRM import test case: personal_email_for_business_contact
CONT-000236,Amit,Thomas,amit.thomas@metricbee.com,+91 9881440849,Founder,COMP-000236,MetricBee 236 Solutions,Contacted,Webinar,Kiran,Mumbai,United Kingdom,045866,Yes,2026-05-08,2026-04-02,Collected business card at event,company_suffix_variation,Intentional CRM import test case: company_suffix_variation
contact-000010,Pooja,Verma,pooja.verma@futureflow.com,+91 9885111698,VP Sales,COMP-000237,FutureFlow 237 Solutions,Negotiation,Event Booth,Sales Rep 1,Hyderabad,Germany,028554,N,2026-02-28,2026-04-05,Collected business card at event,duplicate_with_different_case,Intentional CRM import test case: duplicate_with_different_case
CONT-000238,Manoj,Pillai,manoj.pillai@peoplepulse.com,+91 9842859865,Marketing Manager,COMP-000238,PeoplePulse 238 Pvt Ltd,Qualified,Cold Email,Sales Rep 1,Hyderabad,Canada,016648,No,2026-05-04,2026-04-11,Very interested 🚀,emoji_in_field,Intentional CRM import test case: emoji_in_field
CONT-000239,Leena,Jain,leena.jain@swiftops.com,+91 9816772091,VP Sales,COMP-000239,SwiftOps 239 Inc,Open,Trade Show,Divyaraj,Coimbatore,UAE,033459,N,2025-12-10,2026-03-15,Collected business card at event,url_missing_protocol,Intentional CRM import test case: url_missing_protocol
CONT-000240,Farhan,Roy,farhan.roy@clearpath.com,+91 9889558393,RevOps Manager,COMP-000240,ClearPath 240 Inc,Lost,Cold Email,Kiran,Delhi,USA,071039,Y,2026-04-08,2026-05-06,Collected business card at event,postal_code_as_number,Intentional CRM import test case: postal_code_as_number
CONT-000241,Aarav,Sharma,aarav.sharma@acme.com,+91 9872850928,TBD,COMP-000241,Acme 241 Technologies,Contacted,Cold Email,salesrep2,Singapore,Canada,071675,No,2026-03-15,2026-05-02,Lorem ipsum,placeholder_text,Intentional CRM import test case: placeholder_text
CONT-000242,Divya,Iyer,divya.iyer@bluepeak.com,+91 9892804565,HR Manager,COMP-000242,BluePeak 242 Pvt Ltd,Lost,Partner,,Singapore,Australia,052567,FALSE,2026-01-07,2026-05-10,Collected business card at event,blank_owner,Intentional CRM import test case: blank_owner
CONT-000243,Priya,Menon,,+91 9818773168,RevOps Manager,COMP-000243,,Qualified,Event Booth,Maya,Kochi,United Kingdom,046996,TRUE,2025-12-08,2026-04-05,Collected business card at event,missing_required_field,Intentional CRM import test case: missing_required_field
CONT-000244,Rahul,Patel,rahul.patel at vertex.com,+91 9827098533,VP Sales,COMP-000244,Vertex 244 Pvt Ltd,Open,Webinar,Kiran,New York,USA,049599,Y,2026-01-13,2026-04-16,Collected business card at event,invalid_email,Intentional CRM import test case: invalid_email
CONT-000245,Neha,Kumar,neha.kumar@nimbus.com,+91 9889260394,Product Lead,COMP-000001,Nimbus 245 LLC,Negotiation,LinkedIn,Sales Rep 1,Mumbai,Canada,060307,Yes,2026-02-13,2026-04-28,Collected business card at event,duplicate_record,Intentional CRM import test case: duplicate_record
CONT-000246,Karthik,Reddy,karthik.reddy@brightedge.con,+91 9889318677,Product Lead,COMP-000246,BrightEdge 246 Inc,Open,Event Booth,Sales Rep 1,Delhi,United Kingdom,096849,N,2026-04-22,2026-03-25,Collected business card at event,typo_in_domain,Intentional CRM import test case: typo_in_domain
CONT-000247,  Ananya  ,Singh, ananya.singh@cloudnova.com ,+91 9887066247,RevOps Manager,COMP-000247,  CloudNova 247 Technologies   ,Qualified,Inbound,Kiran,New York,USA,068355,No,2026-02-22,2026-04-16,Collected business card at event,extra_spaces,Intentional CRM import test case: extra_spaces
CONT-000248,Vikram,Nair,VIKRAM.NAIR@GREENLEAF.COM,+91 9819342578,vp sALES,COMP-000248,GREENLEAF 248 LLC,Open,Event Booth,Maya,Singapore,India,021866,No,2026-04-06,2026-03-16,Collected business card at event,mixed_case,Intentional CRM import test case: mixed_case
CONT-000249,Meera,Mehta,meera.mehta@urbanhive.com,+91 9887949346,CEO,COMP-000249,UrbanHive 249 LLC,Demo Scheduled,Referral,Maya,New York,Germany,061115,Y,11/05/26,2026-04-13,Collected business card at event,wrong_date_format,Intentional CRM import test case: wrong_date_format
CONT-000250,Sanjay,Das,sanjay.das@datanest.com,nine eight seven six,Operations Head,COMP-000250,DataNest 250 Solutions,Lost,Cold Email,Sales Rep 1,Singapore,Germany,066980,N,2026-02-12,2026-05-06,Collected business card at event,invalid_phone,Intentional CRM import test case: invalid_phone
CONT-000251,Isha,Gupta,isha.gupta@quantumworks.com,+91 9888212291,CEO,COMP-000251,QuantumWorks 251 Inc,Open,Referral,,Chennai,Germany,058394,Y,2026-04-28,2026-05-11,Collected business card at event,country_city_mismatch,Intentional CRM import test case: country_city_mismatch
CONT-000252,Rohan,Rao,rohan.rao@silverline.com,+91 9885165988,Founder,COMP-000252,Silverline 252 Ltd,Qualified,Cold Email,,Chennai,Singapore,066585,N,2025-12-11,2026-04-16,Collected business card at event,wrong_currency_format,Intentional CRM import test case: wrong_currency_format
CONT-000253,Nisha,Joshi,nisha.joshi@redwood.com,+91 9893914843,Founder,COMP-000253,Redwood 253 Pvt Ltd,Open,Partner,Maya,Coimbatore,Singapore,096833,No,2026-01-10,2026-05-03,Collected business card at event,invalid_number_text,Intentional CRM import test case: invalid_number_text
CONT-000254,Arjun,Bose,arjun.bose@zenith.com,+91 9835263378,Product Lead,COMP-999999,Zenith 254 Technologies,Lost,Partner,Anu,Pune,United Kingdom,027600,Yes,2026-04-23,2026-03-31,Collected business card at event,bad_lookup_reference,Intentional CRM import test case: bad_lookup_reference
CONT-000255,Sneha Khan,,sneha.khan@alphacore.com,+91 9812108265,Marketing Manager,COMP-000255,AlphaCore 255 Ltd,Contacted,Partner,Anu,Bengaluru,United Kingdom,094180,FALSE,2026-01-15,2026-03-15,Collected business card at event,merged_fields,Intentional CRM import test case: merged_fields
CONT-000256,Amit,Thomas O'Neil;DROP?,amit.thomas@metricbee.com,+91 9891125155,Product Lead,COMP-000256,MetricBee 256 Technologies & Sons/Partners #1,Demo Scheduled,Inbound,Sales Rep 1,Coimbatore,Canada,060425,TRUE,2026-03-15,2026-04-30,Collected business card at event,special_characters,Intentional CRM import test case: special_characters
CONT-000257,Pooja,Verma,pooja.verma@futureflow.com,+91 9867011913,CEO,COMP-000257,FutureFlow 257 LLC,Contacted,LinkedIn,salesrep2,New York,Germany,63849,Y,2025-12-15,2026-04-18,Collected business card at event,leading_zero_lost,Intentional CRM import test case: leading_zero_lost
CONT-000258,Manoj,Pillai,manoj.pillai@peoplepulse.com,+91 9814491176,CEO,COMP-000258,PeoplePulse 258 Technologies,Contacted,Event Booth,Divyaraj,London,Canada,020494,No,2025-12-28,2026-03-18,"Met at booth
Asked for follow-up",newline_in_field,Intentional CRM import test case: newline_in_field
CONT-000259,Leena,Jain,leena.jain@swiftops.com,+91 9847503167,RevOps Manager,COMP-000259,SwiftOps 259 Pvt Ltd,Super Hot,Webinar,Anu,Kochi,USA,099662,N,2025-12-24,2026-03-21,Collected business card at event,unknown_picklist_value,Intentional CRM import test case: unknown_picklist_value
CONT-000260,Farhan,Roy,farhan.roy@clearpath.com,+91 9887796412,HR Manager,COMP-000260,ClearPath 260 Technologies,New,Event Booth,Sales Rep 1,Chennai,Canada,069511,Y,2026-01-11,2026-04-05,Collected business card at event,future_close_date,Intentional CRM import test case: future_close_date
CONT-000261,Aarav,Sharma,aarav.sharma@acme.com,+91 9854495054,Product Lead,COMP-000261,Acme 261 Ltd,Lost,Cold Email,Kiran,Mumbai,India,088333,N,2026-02-23,2026-03-26,Collected business card at event,negative_deal_value,Intentional CRM import test case: negative_deal_value
CONT-000262,Divya,Iyer,divya@gmail.com,+91 9885659375,HR Manager,COMP-000262,BluePeak 262 Solutions,New,Inbound,Sales Rep 1,Mumbai,India,096025,TRUE,2025-12-03,2026-05-10,Collected business card at event,personal_email_for_business_contact,Intentional CRM import test case: personal_email_for_business_contact
CONT-000263,Priya,Menon,priya.menon@northstar.com,+91 9848495745,RevOps Manager,COMP-000263,Northstar 263 LLC,Qualified,Referral,Sales Rep 1,Bengaluru,Germany,043036,No,2025-12-05,2026-04-24,Collected business card at event,company_suffix_variation,Intentional CRM import test case: company_suffix_variation
contact-000010,Rahul,Patel,rahul.patel@vertex.com,+91 9846939015,HR Manager,COMP-000264,Vertex 264 Technologies,New,Webinar,Sales Rep 1,Mumbai,United Kingdom,096396,FALSE,2026-02-06,2026-03-21,Collected business card at event,duplicate_with_different_case,Intentional CRM import test case: duplicate_with_different_case
CONT-000265,Neha,Kumar,neha.kumar@nimbus.com,+91 9833541704,HR Manager,COMP-000265,Nimbus 265 Inc,Negotiation,Inbound,Anu,New York,India,054937,Yes,2026-04-04,2026-04-03,Very interested 🚀,emoji_in_field,Intentional CRM import test case: emoji_in_field
CONT-000266,Karthik,Reddy,karthik.reddy@brightedge.com,+91 9830689702,RevOps Manager,COMP-000266,BrightEdge 266 Solutions,Open,Partner,Anu,Singapore,Canada,093568,No,2026-03-19,2026-04-05,Collected business card at event,url_missing_protocol,Intentional CRM import test case: url_missing_protocol
CONT-000267,Ananya,Singh,ananya.singh@cloudnova.com,+91 9856315279,CEO,COMP-000267,CloudNova 267 Technologies,Won,Webinar,Divyaraj,Mumbai,Canada,062264,FALSE,2026-02-23,2026-04-11,Collected business card at event,postal_code_as_number,Intentional CRM import test case: postal_code_as_number
CONT-000268,Vikram,Nair,vikram.nair@greenleaf.com,+91 9881473736,TBD,COMP-000268,GreenLeaf 268 Pvt Ltd,Open,Partner,Maya,Pune,United Kingdom,079526,FALSE,2026-05-08,2026-04-23,Lorem ipsum,placeholder_text,Intentional CRM import test case: placeholder_text
CONT-000269,Meera,Mehta,meera.mehta@urbanhive.com,+91 9870239684,Product Lead,COMP-000269,UrbanHive 269 Pvt Ltd,Lost,Trade Show,,New York,Australia,066595,Y,2025-11-26,2026-03-18,Collected business card at event,blank_owner,Intentional CRM import test case: blank_owner
CONT-000270,Sanjay,Das,,+91 9846586490,Founder,COMP-000270,,Won,Cold Email,,Bengaluru,Germany,095766,Y,2026-01-31,2026-04-12,Collected business card at event,missing_required_field,Intentional CRM import test case: missing_required_field
CONT-000271,Isha,Gupta,isha.gupta at quantumworks.com,+91 9842453439,Operations Head,COMP-000271,QuantumWorks 271 Solutions,Lost,Referral,Kiran,New York,India,098185,Yes,2026-04-24,2026-05-11,Collected business card at event,invalid_email,Intentional CRM import test case: invalid_email
CONT-000272,Rohan,Rao,rohan.rao@silverline.com,+91 9865196875,VP Sales,COMP-000001,Silverline 272 Technologies,Qualified,Inbound,Kiran,Delhi,Germany,043016,No,2026-05-03,2026-05-10,Collected business card at event,duplicate_record,Intentional CRM import test case: duplicate_record
CONT-000273,Nisha,Joshi,nisha.joshi@redwood.con,+91 9893134088,VP Sales,COMP-000273,Redwood 273 Inc,New,LinkedIn,Sales Rep 1,Singapore,USA,025725,Yes,2025-12-08,2026-05-03,Collected business card at event,typo_in_domain,Intentional CRM import test case: typo_in_domain
CONT-000274,  Arjun  ,Bose, arjun.bose@zenith.com ,+91 9860460287,Marketing Manager,COMP-000274,  Zenith 274 Solutions   ,Qualified,Referral,Kiran,Pune,Canada,096570,Yes,2025-11-29,2026-04-12,Collected business card at event,extra_spaces,Intentional CRM import test case: extra_spaces
CONT-000275,Sneha,Khan,SNEHA.KHAN@ALPHACORE.COM,+91 9847095573,pRODUCT lEAD,COMP-000275,ALPHACORE 275 PVT LTD,Lost,Cold Email,Anu,Bengaluru,Germany,018177,FALSE,2026-02-01,2026-04-20,Collected business card at event,mixed_case,Intentional CRM import test case: mixed_case
CONT-000276,Amit,Thomas,aarav.sharma at acme.com,+91 9818060935,HR Manager,COMP-000276,MetricBee 276 Ltd,Won,Referral,Maya,Bengaluru,Canada,036302,Y,11/05/26,2026-04-30,Collected business card at event,wrong_date_format|duplicate_email,Intentional CRM import test case: wrong_date_format; same email as another contact
CONT-000277,Pooja,Verma,pooja.verma@futureflow.com,nine eight seven six,RevOps Manager,COMP-000277,FutureFlow 277 Ltd,Qualified,Referral,Sales Rep 1,Coimbatore,Singapore,090473,N,2026-04-14,2026-03-14,Collected business card at event,invalid_phone,Intentional CRM import test case: invalid_phone
CONT-000278,Manoj,Pillai,manoj.pillai@peoplepulse.com,+91 9869268093,HR Manager,COMP-000278,PeoplePulse 278 LLC,Qualified,Trade Show,Divyaraj,Chennai,Germany,068442,Yes,2026-01-04,2026-05-02,Collected business card at event,country_city_mismatch,Intentional CRM import test case: country_city_mismatch
CONT-000279,Leena,Jain,leena.jain@swiftops.com,+91 9897626101,CEO,COMP-000279,SwiftOps 279 Inc,New,Partner,Kiran,Mumbai,Australia,061292,Y,2026-05-11,2026-04-09,Collected business card at event,wrong_currency_format,Intentional CRM import test case: wrong_currency_format
CONT-000280,Farhan,Roy,farhan.roy@clearpath.com,+91 9875857881,RevOps Manager,COMP-000280,ClearPath 280 Ltd,Open,Partner,,Bengaluru,Singapore,010433,FALSE,2025-11-16,2026-03-20,Collected business card at event,invalid_number_text,Intentional CRM import test case: invalid_number_text
CONT-000281,Aarav,Sharma,aarav.sharma@acme.com,+91 9874701849,VP Sales,COMP-999999,Acme 281 LLC,Lost,Event Booth,salesrep2,Pune,UAE,017234,N,2025-11-27,2026-05-06,Collected business card at event,bad_lookup_reference,Intentional CRM import test case: bad_lookup_reference
CONT-000282,Divya Iyer,,divya.iyer@bluepeak.com,+91 9859037166,Founder,COMP-000282,BluePeak 282 LLC,Qualified,Inbound,,Pune,Singapore,033149,Y,2026-05-01,2026-04-17,Collected business card at event,merged_fields,Intentional CRM import test case: merged_fields
CONT-000283,Priya,Menon O'Neil;DROP?,priya.menon@northstar.com,+91 9898682228,Operations Head,COMP-000283,Northstar 283 Solutions & Sons/Partners #1,Won,Partner,Divyaraj,Singapore,Australia,073766,Yes,2025-12-01,2026-04-13,Collected business card at event,special_characters,Intentional CRM import test case: special_characters
CONT-000284,Rahul,Patel,rahul.patel@vertex.com,+91 9835429494,Marketing Manager,COMP-000284,Vertex 284 Pvt Ltd,New,LinkedIn,Divyaraj,London,Singapore,74124,FALSE,2026-04-25,2026-03-22,Collected business card at event,leading_zero_lost,Intentional CRM import test case: leading_zero_lost
CONT-000285,Neha,Kumar,neha.kumar@nimbus.com,+91 9882551667,HR Manager,COMP-000285,Nimbus 285 Inc,Contacted,Inbound,Divyaraj,Chennai,Australia,017347,TRUE,2026-05-01,2026-04-16,"Met at booth
Asked for follow-up",newline_in_field,Intentional CRM import test case: newline_in_field
CONT-000286,Karthik,Reddy,karthik.reddy@brightedge.com,+91 9825862805,Operations Head,COMP-000286,BrightEdge 286 Solutions,Super Hot,Referral,salesrep2,London,Singapore,019441,Yes,2026-04-05,2026-04-10,Collected business card at event,unknown_picklist_value,Intentional CRM import test case: unknown_picklist_value
CONT-000287,Ananya,Singh,ananya.singh@cloudnova.com,+91 9897755782,CEO,COMP-000287,CloudNova 287 Ltd,Contacted,Trade Show,Anu,Singapore,United Kingdom,011882,No,2025-12-01,2026-05-08,Collected business card at event,future_close_date,Intentional CRM import test case: future_close_date
CONT-000288,Vikram,Nair,vikram.nair@greenleaf.com,+91 9851250118,VP Sales,COMP-000288,GreenLeaf 288 Solutions,Contacted,Referral,,London,USA,023937,Yes,2026-01-04,2026-04-03,Collected business card at event,negative_deal_value,Intentional CRM import test case: negative_deal_value
CONT-000289,Meera,Mehta,meera@gmail.com,+91 9892628262,Operations Head,COMP-000289,UrbanHive 289 Solutions,Qualified,LinkedIn,Maya,Hyderabad,UAE,052498,Yes,2025-11-17,2026-04-05,Collected business card at event,personal_email_for_business_contact,Intentional CRM import test case: personal_email_for_business_contact
CONT-000290,Sanjay,Das,sanjay.das@datanest.com,+91 9883267417,Marketing Manager,COMP-000290,DataNest 290 Technologies,Lost,LinkedIn,,Chennai,United Kingdom,053975,Yes,2026-04-11,2026-04-24,Collected business card at event,company_suffix_variation,Intentional CRM import test case: company_suffix_variation
contact-000010,Isha,Gupta,isha.gupta@quantumworks.com,+91 9828956482,Product Lead,COMP-000291,QuantumWorks 291 Solutions,Demo Scheduled,Event Booth,Sales Rep 1,Mumbai,Canada,041934,Y,2026-05-01,2026-05-03,Collected business card at event,duplicate_with_different_case,Intentional CRM import test case: duplicate_with_different_case
CONT-000292,Rohan,Rao,rohan.rao@silverline.com,+91 9823417457,Product Lead,COMP-000292,Silverline 292 Inc,Demo Scheduled,Trade Show,Maya,Bengaluru,India,010946,No,2026-04-19,2026-03-27,Very interested 🚀,emoji_in_field,Intentional CRM import test case: emoji_in_field
CONT-000293,Nisha,Joshi,nisha.joshi@redwood.com,+91 9897477181,HR Manager,COMP-000293,Redwood 293 Ltd,Open,Inbound,salesrep2,Mumbai,Singapore,028754,N,2026-03-03,2026-04-08,Collected business card at event,url_missing_protocol,Intentional CRM import test case: url_missing_protocol
CONT-000294,Arjun,Bose,arjun.bose@zenith.com,+91 9870454232,Product Lead,COMP-000294,Zenith 294 Ltd,Negotiation,Referral,Sales Rep 1,Chennai,United Kingdom,075521,Y,2026-04-19,2026-04-01,Collected business card at event,postal_code_as_number,Intentional CRM import test case: postal_code_as_number
CONT-000295,Sneha,Khan,sneha.khan@alphacore.com,+91 9850426348,TBD,COMP-000295,AlphaCore 295 LLC,Open,Trade Show,Sales Rep 1,Delhi,Singapore,025401,Y,2026-04-17,2026-04-02,Lorem ipsum,placeholder_text,Intentional CRM import test case: placeholder_text
CONT-000296,Amit,Thomas,amit.thomas@metricbee.com,+91 9858573570,Operations Head,COMP-000296,MetricBee 296 Ltd,Contacted,LinkedIn,,Chennai,Singapore,024769,No,2025-11-17,2026-03-18,Collected business card at event,blank_owner,Intentional CRM import test case: blank_owner
CONT-000297,Pooja,Verma,,+91 9873674613,RevOps Manager,COMP-000297,,Demo Scheduled,Referral,salesrep2,Chennai,India,094523,TRUE,2026-02-28,2026-04-28,Collected business card at event,missing_required_field,Intentional CRM import test case: missing_required_field
CONT-000298,Manoj,Pillai,manoj.pillai at peoplepulse.com,+91 9868340640,HR Manager,COMP-000298,PeoplePulse 298 LLC,Lost,Inbound,Divyaraj,Bengaluru,India,080432,No,2026-04-01,2026-03-22,Collected business card at event,invalid_email,Intentional CRM import test case: invalid_email
CONT-000299,Leena,Jain,leena.jain@swiftops.com,+91 9813901068,RevOps Manager,COMP-000001,SwiftOps 299 Ltd,Qualified,Webinar,Anu,Kochi,Australia,064927,No,2025-11-19,2026-03-15,Collected business card at event,duplicate_record,Intentional CRM import test case: duplicate_record
CONT-000300,Farhan,Roy,farhan.roy@clearpath.con,+91 9853712695,Operations Head,COMP-000300,ClearPath 300 Ltd,Qualified,Event Booth,Anu,Bengaluru,Singapore,064079,No,2026-02-04,2026-03-15,Collected business card at event,typo_in_domain,Intentional CRM import test case: typo_in_domain
