deal_id,deal_name,company_id,company_name,primary_contact_id,primary_contact_email,stage,amount,currency,probability,expected_mrr,created_date,close_date,owner,source_campaign,next_step,competitor,notes,error_type,error_notes
DEAL-000001,Acme 1 Technologies - Event Follow-up Deal,COMP-000001,Acme 1 Technologies,CONT-000001,aarav.sharma at acme.com,Proposal,75000,SGD,10,5000,2026-04-13,2026-05-02,Anu,LinkedIn,Legal review,Google Forms,Deal created from event lead,invalid_email,Intentional CRM import test case: invalid_email
DEAL-000001,BluePeak 2 Pvt Ltd - Event Follow-up Deal,COMP-000001,BluePeak 2 Pvt Ltd,CONT-000002,divya.iyer@bluepeak.com,Demo,10000,SGD,80,1000,2026-04-19,2026-06-17,salesrep2,Event Booth,Share pricing,Typeform,Deal created from event lead,duplicate_record,Intentional CRM import test case: duplicate_record
DEAL-000003,Northstar 3 Solutions - Event Follow-up Deal,COMP-000003,Northstar 3 Solutions,CONT-000003,priya.menon@northstar.con,Prospecting,100000,EUR,10,2000,2026-03-30,2026-04-25,Anu,Webinar,Follow up in 1 week,Google Forms,Deal created from event lead,typo_in_domain,Intentional CRM import test case: typo_in_domain
DEAL-000004,    Vertex 4 LLC    - Event Follow-up Deal  ,COMP-000004,  Vertex 4 LLC   ,CONT-000004, rahul.patel@vertex.com ,Closed Lost,25000,USD,30,10000,2026-03-19,2026-04-19,Anu,Referral,Legal review,SurveyMonkey,Deal created from event lead,extra_spaces,Intentional CRM import test case: extra_spaces
DEAL-000005,NIMBUS 5 TECHNOLOGIES - Event Follow-up Deal,COMP-000005,NIMBUS 5 TECHNOLOGIES,CONT-000005,NEHA.KUMAR@NIMBUS.COM,Prospecting,50000,EUR,50,1000,2026-01-22,2026-03-02,Sales Rep 1,Inbound,Follow up in 1 week,Qualtrics,Deal created from event lead,mixed_case,Intentional CRM import test case: mixed_case
DEAL-000006,BrightEdge 6 Ltd - Event Follow-up Deal,COMP-000006,BrightEdge 6 Ltd,CONT-000006,karthik.reddy@brightedge.com,Proposal,100000,USD,20,2000,2026-05-10,31-13-2026,Maya,LinkedIn,Legal review,Typeform,Deal created from event lead,wrong_date_format,Intentional CRM import test case: wrong_date_format
DEAL-000007,CloudNova 7 Inc - Event Follow-up Deal,COMP-000007,CloudNova 7 Inc,CONT-000007,ananya.singh@cloudnova.com,Prospecting,50000,INR,10,5000,2026-01-15,2026-04-08,salesrep2,Trade Show,Follow up in 1 week,SurveyMonkey,Deal created from event lead,invalid_phone,Intentional CRM import test case: invalid_phone
DEAL-000008,GreenLeaf 8 Pvt Ltd - Event Follow-up Deal,COMP-000008,GreenLeaf 8 Pvt Ltd,CONT-000008,vikram.nair@greenleaf.com,Closed Lost,250000,INR,50,5000,2026-03-22,2026-06-01,Anu,Webinar,Legal review,,Deal created from event lead,country_city_mismatch,Intentional CRM import test case: country_city_mismatch
DEAL-000009,UrbanHive 9 Inc - Event Follow-up Deal,COMP-000009,UrbanHive 9 Inc,CONT-000009,meera.mehta@urbanhive.com,Proposal,"$12,00,000",USD,30,2000,2026-02-12,2026-05-26,Anu,Webinar,Send proposal,Google Forms,Deal created from event lead,wrong_currency_format,Intentional CRM import test case: wrong_currency_format
DEAL-000010,DataNest 10 Inc - Event Follow-up Deal,COMP-000010,DataNest 10 Inc,CONT-000010,sanjay.das@datanest.com,Discovery,100000,SGD,eighty percent,10000,2026-02-15,2026-04-05,salesrep2,Trade Show,Follow up in 1 week,Google Forms,Deal created from event lead,invalid_number_text,Intentional CRM import test case: invalid_number_text
DEAL-000011,QuantumWorks 11 Solutions - Event Follow-up Deal,COMP-NOTFOUND,QuantumWorks 11 Solutions,CONT-NOTFOUND,isha.gupta@quantumworks.com,Closed Lost,100000,SGD,20,2000,2026-02-02,2026-03-01,salesrep2,Inbound,Procurement intro,,Deal created from event lead,bad_lookup_reference,Intentional CRM import test case: bad_lookup_reference
DEAL-000012,Silverline 12 Inc - Event Follow-up Deal,COMP-000012,Silverline 12 Inc,CONT-000012,rohan.rao@silverline.com,Prospecting,50000,GBP,70,500,2026-01-21,2026-04-21,Kiran,Partner,Share pricing,SurveyMonkey,Deal created from event lead,merged_fields,Intentional CRM import test case: merged_fields
DEAL-000013,Redwood 13 Inc & Sons/Partners #1 - Event Follow-up Deal,COMP-000013,Redwood 13 Inc & Sons/Partners #1,CONT-000013,nisha.joshi@redwood.com,Closed Lost,10000,INR,70,2000,2026-03-03,2026-05-25,salesrep2,Trade Show,Legal review,Qualtrics,Deal created from event lead,special_characters,Intentional CRM import test case: special_characters
DEAL-000014,Zenith 14 Pvt Ltd - Event Follow-up Deal,COMP-000014,Zenith 14 Pvt Ltd,CONT-000014,arjun.bose@zenith.com,Prospecting,50000,GBP,50,10000,2026-01-18,2026-02-03,Divyaraj,Event Booth,Share pricing,Typeform,Deal created from event lead,leading_zero_lost,Intentional CRM import test case: leading_zero_lost
DEAL-000015,AlphaCore 15 Solutions - Event Follow-up Deal,COMP-000015,AlphaCore 15 Solutions,CONT-000015,sneha.khan@alphacore.com,Closed Won,5000,EUR,80,1000,2026-02-18,2026-05-10,Anu,Event Booth,Book demo,SurveyMonkey,Deal created from event lead,newline_in_field,Intentional CRM import test case: newline_in_field
DEAL-000016,MetricBee 16 Solutions - Event Follow-up Deal,COMP-000016,MetricBee 16 Solutions,CONT-000016,amit.thomas@metricbee.com,Almost Won Maybe,100000,EUR,90,1000,2026-04-27,2026-07-29,,LinkedIn,Share pricing,Qualtrics,Deal created from event lead,unknown_picklist_value,Intentional CRM import test case: unknown_picklist_value
DEAL-000017,FutureFlow 17 Technologies - Event Follow-up Deal,COMP-000017,FutureFlow 17 Technologies,CONT-000017,pooja.verma@futureflow.com,Negotiation,100000,SGD,30,500,2026-01-17,2035-12-31,Divyaraj,Event Booth,Share pricing,Google Forms,Deal created from event lead,future_close_date,Intentional CRM import test case: future_close_date
DEAL-000018,PeoplePulse 18 Inc - Event Follow-up Deal,COMP-000018,PeoplePulse 18 Inc,CONT-000018,manoj.pillai@peoplepulse.com,Negotiation,-5000,INR,50,10000,2026-03-10,2026-05-23,salesrep2,Cold Email,Follow up in 1 week,SurveyMonkey,Deal created from event lead,negative_deal_value,Intentional CRM import test case: negative_deal_value
DEAL-000019,SwiftOps 19 LLC - Event Follow-up Deal,COMP-000019,SwiftOps 19 LLC,CONT-000019,leena@gmail.com,Closed Won,100000,INR,20,5000,2026-03-25,2026-07-15,Divyaraj,Webinar,Follow up in 1 week,Typeform,Deal created from event lead,personal_email_for_business_contact,Intentional CRM import test case: personal_email_for_business_contact
DEAL-000020,ClearPath 20 Inc - Event Follow-up Deal,COMP-000020,ClearPath 20 Inc,CONT-000020,farhan.roy@clearpath.com,Prospecting,10000,GBP,10,1000,2026-04-05,2026-04-24,Maya,Referral,Book demo,SurveyMonkey,Deal created from event lead,company_suffix_variation,Intentional CRM import test case: company_suffix_variation
DEAL-000021,Acme 21 Inc - Event Follow-up Deal,COMP-000021,Acme 21 Inc,contact-000010,aarav.sharma@acme.com,Demo,50000,EUR,20,5000,2026-02-20,2026-03-04,Kiran,Partner,Follow up in 1 week,,Deal created from event lead,duplicate_with_different_case,Intentional CRM import test case: duplicate_with_different_case
DEAL-000022,BluePeak 22 LLC - Event Follow-up Deal,COMP-000022,BluePeak 22 LLC,CONT-000022,divya.iyer@bluepeak.com,Prospecting,5000,USD,90,10000,2026-04-04,2026-05-08,salesrep2,Event Booth,Follow up in 1 week,SurveyMonkey,Champion likes us 🔥,emoji_in_field,Intentional CRM import test case: emoji_in_field
DEAL-000023,Northstar 23 Solutions - Event Follow-up Deal,COMP-000023,Northstar 23 Solutions,CONT-000023,priya.menon@northstar.com,Closed Won,250000,GBP,50,10000,2026-03-29,2026-06-30,salesrep2,Inbound,Follow up in 1 week,Qualtrics,Deal created from event lead,url_missing_protocol,Intentional CRM import test case: url_missing_protocol
DEAL-000024,Vertex 24 Solutions - Event Follow-up Deal,COMP-000024,Vertex 24 Solutions,CONT-000024,rahul.patel@vertex.com,Closed Lost,25000,USD,90,2000,2026-02-28,2026-03-26,Anu,Inbound,Share pricing,Qualtrics,Deal created from event lead,postal_code_as_number,Intentional CRM import test case: postal_code_as_number
DEAL-000025,Test Deal,COMP-000025,Nimbus 25 Solutions,CONT-000025,neha.kumar@nimbus.com,Prospecting,10000,GBP,30,5000,2026-02-02,2026-05-31,Anu,Referral,TBD,SurveyMonkey,Deal created from event lead,placeholder_text,Intentional CRM import test case: placeholder_text
DEAL-000026,BrightEdge 26 Pvt Ltd - Event Follow-up Deal,COMP-000026,BrightEdge 26 Pvt Ltd,CONT-000026,aarav.sharma at acme.com,Discovery,250000,USD,20,1000,2026-04-05,2026-05-08,,Trade Show,Share pricing,SurveyMonkey,Deal created from event lead,blank_owner,Intentional CRM import test case: blank_owner
DEAL-000027,,COMP-000027,,CONT-000027,,Demo,25000,USD,20,10000,2026-04-25,2026-06-30,salesrep2,Trade Show,Procurement intro,Qualtrics,Deal created from event lead,missing_required_field,Intentional CRM import test case: missing_required_field
DEAL-000028,GreenLeaf 28 Solutions - Event Follow-up Deal,COMP-000028,GreenLeaf 28 Solutions,CONT-000028,vikram.nair at greenleaf.com,Demo,50000,EUR,20,10000,2026-03-28,2026-04-25,Kiran,Webinar,Send proposal,Google Forms,Deal created from event lead,invalid_email,Intentional CRM import test case: invalid_email
DEAL-000001,UrbanHive 29 Inc - Event Follow-up Deal,COMP-000001,UrbanHive 29 Inc,CONT-000029,meera.mehta@urbanhive.com,Closed Lost,10000,SGD,30,1000,2026-01-12,2026-03-26,Divyaraj,Event Booth,Procurement intro,Qualtrics,Deal created from event lead,duplicate_record,Intentional CRM import test case: duplicate_record
DEAL-000030,DataNest 30 Ltd - Event Follow-up Deal,COMP-000030,DataNest 30 Ltd,CONT-000030,sanjay.das@datanest.con,Closed Lost,75000,USD,90,10000,2026-03-12,2026-04-28,salesrep2,Inbound,Share pricing,,Deal created from event lead,typo_in_domain,Intentional CRM import test case: typo_in_domain
DEAL-000031,    QuantumWorks 31 Technologies    - Event Follow-up Deal  ,COMP-000031,  QuantumWorks 31 Technologies   ,CONT-000031, isha.gupta@quantumworks.com ,Prospecting,10000,EUR,10,2000,2026-02-07,2026-04-19,Divyaraj,Partner,Legal review,Typeform,Deal created from event lead,extra_spaces,Intentional CRM import test case: extra_spaces
DEAL-000032,SILVERLINE 32 PVT LTD - Event Follow-up Deal,COMP-000032,SILVERLINE 32 PVT LTD,CONT-000032,ROHAN.RAO@SILVERLINE.COM,Prospecting,25000,INR,70,1000,2026-03-15,2026-05-09,Sales Rep 1,LinkedIn,Share pricing,Typeform,Deal created from event lead,mixed_case,Intentional CRM import test case: mixed_case
DEAL-000033,Redwood 33 Inc - Event Follow-up Deal,COMP-000033,Redwood 33 Inc,CONT-000033,nisha.joshi@redwood.com,Negotiation,250000,SGD,80,500,2026-05-09,31-13-2026,Sales Rep 1,Partner,Book demo,Google Forms,Deal created from event lead,wrong_date_format,Intentional CRM import test case: wrong_date_format
DEAL-000034,Zenith 34 LLC - Event Follow-up Deal,COMP-000034,Zenith 34 LLC,CONT-000034,arjun.bose@zenith.com,Negotiation,75000,INR,80,2000,2026-04-01,2026-06-27,Maya,Referral,Procurement intro,Google Forms,Deal created from event lead,invalid_phone,Intentional CRM import test case: invalid_phone
DEAL-000035,AlphaCore 35 Ltd - Event Follow-up Deal,COMP-000035,AlphaCore 35 Ltd,CONT-000035,sneha.khan@alphacore.com,Demo,5000,GBP,30,2000,2026-03-25,2026-05-23,Kiran,Inbound,Legal review,,Deal created from event lead,country_city_mismatch,Intentional CRM import test case: country_city_mismatch
DEAL-000036,MetricBee 36 Ltd - Event Follow-up Deal,COMP-000036,MetricBee 36 Ltd,CONT-000036,amit.thomas@metricbee.com,Proposal,"$12,00,000",SGD,90,5000,2026-04-14,2026-07-26,Kiran,Referral,Procurement intro,Google Forms,Deal created from event lead,wrong_currency_format,Intentional CRM import test case: wrong_currency_format
DEAL-000037,FutureFlow 37 Ltd - Event Follow-up Deal,COMP-000037,FutureFlow 37 Ltd,CONT-000037,pooja.verma@futureflow.com,Discovery,250000,EUR,eighty percent,500,2026-02-07,2026-04-11,Anu,LinkedIn,Share pricing,Google Forms,Deal created from event lead,invalid_number_text,Intentional CRM import test case: invalid_number_text
DEAL-000038,PeoplePulse 38 Technologies - Event Follow-up Deal,COMP-NOTFOUND,PeoplePulse 38 Technologies,CONT-NOTFOUND,manoj.pillai@peoplepulse.com,Demo,5000,EUR,90,5000,2026-01-20,2026-04-07,Divyaraj,Trade Show,Follow up in 1 week,Qualtrics,Deal created from event lead,bad_lookup_reference,Intentional CRM import test case: bad_lookup_reference
DEAL-000039,SwiftOps 39 Technologies - Event Follow-up Deal,COMP-000039,SwiftOps 39 Technologies,CONT-000039,leena.jain@swiftops.com,Negotiation,50000,EUR,90,1000,2026-03-19,2026-04-20,Anu,Referral,Follow up in 1 week,Qualtrics,Deal created from event lead,merged_fields,Intentional CRM import test case: merged_fields
DEAL-000040,ClearPath 40 Solutions & Sons/Partners #1 - Event Follow-up Deal,COMP-000040,ClearPath 40 Solutions & Sons/Partners #1,CONT-000040,farhan.roy@clearpath.com,Prospecting,250000,GBP,90,10000,2026-03-02,2026-05-13,Kiran,Inbound,Legal review,Google Forms,Deal created from event lead,special_characters,Intentional CRM import test case: special_characters
DEAL-000041,Acme 41 Technologies - Event Follow-up Deal,COMP-000041,Acme 41 Technologies,CONT-000041,aarav.sharma@acme.com,Closed Lost,5000,USD,30,2000,2026-04-13,2026-04-26,salesrep2,Inbound,Send proposal,Qualtrics,Deal created from event lead,leading_zero_lost,Intentional CRM import test case: leading_zero_lost
DEAL-000042,BluePeak 42 Pvt Ltd - Event Follow-up Deal,COMP-000042,BluePeak 42 Pvt Ltd,CONT-000042,divya.iyer@bluepeak.com,Proposal,100000,USD,10,500,2026-03-19,2026-04-20,,Cold Email,Follow up in 1 week,,Deal created from event lead,newline_in_field,Intentional CRM import test case: newline_in_field
DEAL-000043,Northstar 43 LLC - Event Follow-up Deal,COMP-000043,Northstar 43 LLC,CONT-000043,priya.menon@northstar.com,Almost Won Maybe,75000,SGD,70,5000,2026-02-24,2026-06-09,,Cold Email,Procurement intro,Google Forms,Deal created from event lead,unknown_picklist_value,Intentional CRM import test case: unknown_picklist_value
DEAL-000044,Vertex 44 Solutions - Event Follow-up Deal,COMP-000044,Vertex 44 Solutions,CONT-000044,rahul.patel@vertex.com,Prospecting,25000,EUR,80,10000,2026-02-12,2035-12-31,Divyaraj,Cold Email,Book demo,SurveyMonkey,Deal created from event lead,future_close_date,Intentional CRM import test case: future_close_date
DEAL-000045,Nimbus 45 Inc - Event Follow-up Deal,COMP-000045,Nimbus 45 Inc,CONT-000045,neha.kumar@nimbus.com,Demo,-5000,USD,30,1000,2026-05-04,2026-06-01,Divyaraj,Cold Email,Share pricing,Google Forms,Deal created from event lead,negative_deal_value,Intentional CRM import test case: negative_deal_value
DEAL-000046,BrightEdge 46 Solutions - Event Follow-up Deal,COMP-000046,BrightEdge 46 Solutions,CONT-000046,karthik@gmail.com,Prospecting,25000,GBP,70,500,2026-02-19,2026-04-15,Sales Rep 1,LinkedIn,Procurement intro,Typeform,Deal created from event lead,personal_email_for_business_contact,Intentional CRM import test case: personal_email_for_business_contact
DEAL-000047,CloudNova 47 LLC - Event Follow-up Deal,COMP-000047,CloudNova 47 LLC,CONT-000047,ananya.singh@cloudnova.com,Negotiation,250000,USD,70,2000,2026-02-03,2026-02-25,,Event Booth,Procurement intro,Qualtrics,Deal created from event lead,company_suffix_variation,Intentional CRM import test case: company_suffix_variation
DEAL-000048,GreenLeaf 48 LLC - Event Follow-up Deal,COMP-000048,GreenLeaf 48 LLC,contact-000010,vikram.nair@greenleaf.com,Closed Won,100000,GBP,10,10000,2026-04-07,2026-07-13,Sales Rep 1,Event Booth,Book demo,,Deal created from event lead,duplicate_with_different_case,Intentional CRM import test case: duplicate_with_different_case
DEAL-000049,UrbanHive 49 Ltd - Event Follow-up Deal,COMP-000049,UrbanHive 49 Ltd,CONT-000049,meera.mehta@urbanhive.com,Demo,25000,SGD,50,2000,2026-04-24,2026-07-09,Anu,Webinar,Book demo,Typeform,Champion likes us 🔥,emoji_in_field,Intentional CRM import test case: emoji_in_field
DEAL-000050,DataNest 50 LLC - Event Follow-up Deal,COMP-000050,DataNest 50 LLC,CONT-000050,sanjay.das@datanest.com,Closed Lost,10000,EUR,70,10000,2026-03-08,2026-04-15,,Webinar,Follow up in 1 week,Google Forms,Deal created from event lead,url_missing_protocol,Intentional CRM import test case: url_missing_protocol
DEAL-000051,QuantumWorks 51 LLC - Event Follow-up Deal,COMP-000051,QuantumWorks 51 LLC,CONT-000051,isha.gupta@quantumworks.com,Prospecting,250000,USD,10,5000,2026-01-14,2026-02-02,Kiran,Cold Email,Procurement intro,Qualtrics,Deal created from event lead,postal_code_as_number,Intentional CRM import test case: postal_code_as_number
DEAL-000052,Test Deal,COMP-000052,Silverline 52 Pvt Ltd,CONT-000052,rohan.rao@silverline.com,Proposal,75000,EUR,90,2000,2026-04-24,2026-08-16,Anu,Cold Email,TBD,,Deal created from event lead,placeholder_text,Intentional CRM import test case: placeholder_text
DEAL-000053,Redwood 53 Ltd - Event Follow-up Deal,COMP-000053,Redwood 53 Ltd,CONT-000053,nisha.joshi@redwood.com,Closed Lost,100000,USD,80,1000,2026-04-13,2026-05-09,,Referral,Book demo,Typeform,Deal created from event lead,blank_owner,Intentional CRM import test case: blank_owner
DEAL-000054,,COMP-000054,,CONT-000054,,Closed Won,250000,INR,10,500,2026-05-01,2026-07-04,,Inbound,Follow up in 1 week,,Deal created from event lead,missing_required_field,Intentional CRM import test case: missing_required_field
DEAL-000055,AlphaCore 55 Pvt Ltd - Event Follow-up Deal,COMP-000055,AlphaCore 55 Pvt Ltd,CONT-000055,sneha.khan at alphacore.com,Prospecting,250000,EUR,70,500,2026-04-16,2026-05-09,Maya,Webinar,Share pricing,,Deal created from event lead,invalid_email,Intentional CRM import test case: invalid_email
DEAL-000001,MetricBee 56 LLC - Event Follow-up Deal,COMP-000001,MetricBee 56 LLC,CONT-000056,amit.thomas@metricbee.com,Closed Won,5000,INR,90,500,2026-05-03,2026-06-20,Sales Rep 1,LinkedIn,Legal review,Typeform,Deal created from event lead,duplicate_record,Intentional CRM import test case: duplicate_record
DEAL-000057,FutureFlow 57 Solutions - Event Follow-up Deal,COMP-000057,FutureFlow 57 Solutions,CONT-000057,pooja.verma@futureflow.con,Demo,5000,INR,20,2000,2026-04-18,2026-07-22,Sales Rep 1,Event Booth,Share pricing,Typeform,Deal created from event lead,typo_in_domain,Intentional CRM import test case: typo_in_domain
DEAL-000058,    PeoplePulse 58 LLC    - Event Follow-up Deal  ,COMP-000058,  PeoplePulse 58 LLC   ,CONT-000058, manoj.pillai@peoplepulse.com ,Closed Lost,100000,EUR,20,10000,2026-01-22,2026-04-06,Sales Rep 1,Webinar,Send proposal,SurveyMonkey,Deal created from event lead,extra_spaces,Intentional CRM import test case: extra_spaces
DEAL-000059,SWIFTOPS 59 INC - Event Follow-up Deal,COMP-000059,SWIFTOPS 59 INC,CONT-000059,LEENA.JAIN@SWIFTOPS.COM,Negotiation,10000,USD,30,1000,2026-02-03,2026-02-14,,Trade Show,Procurement intro,,Deal created from event lead,mixed_case,Intentional CRM import test case: mixed_case
DEAL-000060,ClearPath 60 LLC - Event Follow-up Deal,COMP-000060,ClearPath 60 LLC,CONT-000060,farhan.roy@clearpath.com,Negotiation,250000,SGD,30,10000,2026-01-13,31-13-2026,Anu,Inbound,Procurement intro,,Deal created from event lead,wrong_date_format,Intentional CRM import test case: wrong_date_format
DEAL-000061,Acme 61 Inc - Event Follow-up Deal,COMP-000061,Acme 61 Inc,CONT-000061,aarav.sharma@acme.com,Demo,50000,SGD,20,10000,2026-04-18,2026-08-12,Anu,Partner,Send proposal,Qualtrics,Deal created from event lead,invalid_phone,Intentional CRM import test case: invalid_phone
DEAL-000062,BluePeak 62 LLC - Event Follow-up Deal,COMP-000062,BluePeak 62 LLC,CONT-000062,divya.iyer@bluepeak.com,Prospecting,75000,USD,50,2000,2026-04-26,2026-07-04,salesrep2,Cold Email,Legal review,,Deal created from event lead,country_city_mismatch,Intentional CRM import test case: country_city_mismatch
DEAL-000063,Northstar 63 Technologies - Event Follow-up Deal,COMP-000063,Northstar 63 Technologies,CONT-000063,priya.menon@northstar.com,Proposal,"$12,00,000",SGD,30,5000,2026-05-01,2026-06-21,Sales Rep 1,Cold Email,Procurement intro,Google Forms,Deal created from event lead,wrong_currency_format,Intentional CRM import test case: wrong_currency_format
DEAL-000064,Vertex 64 Ltd - Event Follow-up Deal,COMP-000064,Vertex 64 Ltd,CONT-000064,rahul.patel@vertex.com,Proposal,25000,SGD,eighty percent,500,2026-04-13,2026-07-02,,Inbound,Procurement intro,Qualtrics,Deal created from event lead,invalid_number_text,Intentional CRM import test case: invalid_number_text
DEAL-000065,Nimbus 65 Pvt Ltd - Event Follow-up Deal,COMP-NOTFOUND,Nimbus 65 Pvt Ltd,CONT-NOTFOUND,neha.kumar@nimbus.com,Closed Won,50000,INR,50,5000,2026-04-19,2026-04-30,Sales Rep 1,Webinar,Send proposal,Typeform,Deal created from event lead,bad_lookup_reference,Intentional CRM import test case: bad_lookup_reference
DEAL-000066,BrightEdge 66 Pvt Ltd - Event Follow-up Deal,COMP-000066,BrightEdge 66 Pvt Ltd,CONT-000066,karthik.reddy@brightedge.com,Closed Won,75000,INR,80,1000,2026-03-22,2026-05-22,Divyaraj,Event Booth,Book demo,Qualtrics,Deal created from event lead,merged_fields,Intentional CRM import test case: merged_fields
DEAL-000067,CloudNova 67 Solutions & Sons/Partners #1 - Event Follow-up Deal,COMP-000067,CloudNova 67 Solutions & Sons/Partners #1,CONT-000067,ananya.singh@cloudnova.com,Closed Lost,50000,INR,20,5000,2026-04-16,2026-07-11,salesrep2,Inbound,Share pricing,SurveyMonkey,Deal created from event lead,special_characters,Intentional CRM import test case: special_characters
DEAL-000068,GreenLeaf 68 Pvt Ltd - Event Follow-up Deal,COMP-000068,GreenLeaf 68 Pvt Ltd,CONT-000068,vikram.nair@greenleaf.com,Closed Lost,250000,SGD,30,5000,2026-02-25,2026-04-10,salesrep2,Partner,Follow up in 1 week,SurveyMonkey,Deal created from event lead,leading_zero_lost,Intentional CRM import test case: leading_zero_lost
DEAL-000069,UrbanHive 69 LLC - Event Follow-up Deal,COMP-000069,UrbanHive 69 LLC,CONT-000069,meera.mehta@urbanhive.com,Closed Lost,50000,INR,10,2000,2026-04-06,2026-05-04,Maya,Inbound,Book demo,Typeform,Deal created from event lead,newline_in_field,Intentional CRM import test case: newline_in_field
DEAL-000070,DataNest 70 Inc - Event Follow-up Deal,COMP-000070,DataNest 70 Inc,CONT-000070,sanjay.das@datanest.com,Almost Won Maybe,5000,INR,50,500,2026-05-08,2026-05-30,Anu,Partner,Legal review,Qualtrics,Deal created from event lead,unknown_picklist_value,Intentional CRM import test case: unknown_picklist_value
DEAL-000071,QuantumWorks 71 Inc - Event Follow-up Deal,COMP-000071,QuantumWorks 71 Inc,CONT-000071,isha.gupta@quantumworks.com,Negotiation,75000,INR,90,500,2026-04-22,2035-12-31,salesrep2,Inbound,Follow up in 1 week,Typeform,Deal created from event lead,future_close_date,Intentional CRM import test case: future_close_date
DEAL-000072,Silverline 72 Technologies - Event Follow-up Deal,COMP-000072,Silverline 72 Technologies,CONT-000072,rohan.rao@silverline.com,Proposal,-5000,EUR,30,10000,2026-04-04,2026-07-07,Kiran,Trade Show,Send proposal,Google Forms,Deal created from event lead,negative_deal_value,Intentional CRM import test case: negative_deal_value
DEAL-000073,Redwood 73 Pvt Ltd - Event Follow-up Deal,COMP-000073,Redwood 73 Pvt Ltd,CONT-000073,nisha@gmail.com,Proposal,50000,GBP,90,5000,2026-01-19,2026-02-13,Maya,Inbound,Send proposal,,Deal created from event lead,personal_email_for_business_contact,Intentional CRM import test case: personal_email_for_business_contact
DEAL-000074,Zenith 74 Solutions - Event Follow-up Deal,COMP-000074,Zenith 74 Solutions,CONT-000074,arjun.bose@zenith.com,Closed Won,250000,GBP,80,1000,2026-04-19,2026-07-09,Maya,Partner,Book demo,Qualtrics,Deal created from event lead,company_suffix_variation,Intentional CRM import test case: company_suffix_variation
DEAL-000075,AlphaCore 75 LLC - Event Follow-up Deal,COMP-000075,AlphaCore 75 LLC,contact-000010,sneha.khan@alphacore.com,Proposal,250000,INR,70,5000,2026-02-09,2026-04-09,salesrep2,Inbound,Follow up in 1 week,SurveyMonkey,Deal created from event lead,duplicate_with_different_case,Intentional CRM import test case: duplicate_with_different_case
DEAL-000076,MetricBee 76 LLC - Event Follow-up Deal,COMP-000076,MetricBee 76 LLC,CONT-000076,aarav.sharma at acme.com,Negotiation,5000,SGD,30,5000,2026-01-22,2026-02-21,Sales Rep 1,Partner,Legal review,Qualtrics,Champion likes us 🔥,emoji_in_field,Intentional CRM import test case: emoji_in_field
DEAL-000077,FutureFlow 77 Pvt Ltd - Event Follow-up Deal,COMP-000077,FutureFlow 77 Pvt Ltd,CONT-000077,pooja.verma@futureflow.com,Demo,5000,INR,70,500,2026-02-02,2026-03-20,Anu,Event Booth,Share pricing,SurveyMonkey,Deal created from event lead,url_missing_protocol,Intentional CRM import test case: url_missing_protocol
DEAL-000078,PeoplePulse 78 Solutions - Event Follow-up Deal,COMP-000078,PeoplePulse 78 Solutions,CONT-000078,manoj.pillai@peoplepulse.com,Closed Won,25000,SGD,10,5000,2026-05-08,2026-08-23,Kiran,Event Booth,Follow up in 1 week,Qualtrics,Deal created from event lead,postal_code_as_number,Intentional CRM import test case: postal_code_as_number
DEAL-000079,Test Deal,COMP-000079,SwiftOps 79 Technologies,CONT-000079,leena.jain@swiftops.com,Discovery,10000,USD,80,2000,2026-05-04,2026-08-06,Sales Rep 1,Webinar,TBD,,Deal created from event lead,placeholder_text,Intentional CRM import test case: placeholder_text
DEAL-000080,ClearPath 80 Solutions - Event Follow-up Deal,COMP-000080,ClearPath 80 Solutions,CONT-000080,farhan.roy@clearpath.com,Prospecting,25000,USD,10,10000,2026-01-20,2026-03-10,,Trade Show,Follow up in 1 week,Google Forms,Deal created from event lead,blank_owner,Intentional CRM import test case: blank_owner
DEAL-000081,,COMP-000081,,CONT-000081,,Proposal,25000,INR,80,5000,2026-02-28,2026-05-14,Sales Rep 1,Trade Show,Share pricing,Google Forms,Deal created from event lead,missing_required_field,Intentional CRM import test case: missing_required_field
DEAL-000082,BluePeak 82 Inc - Event Follow-up Deal,COMP-000082,BluePeak 82 Inc,CONT-000082,divya.iyer at bluepeak.com,Demo,75000,INR,90,5000,2026-02-27,2026-04-27,Divyaraj,LinkedIn,Share pricing,Google Forms,Deal created from event lead,invalid_email,Intentional CRM import test case: invalid_email
DEAL-000001,Northstar 83 Technologies - Event Follow-up Deal,COMP-000001,Northstar 83 Technologies,CONT-000083,priya.menon@northstar.com,Closed Lost,100000,GBP,20,10000,2026-03-08,2026-06-29,Kiran,Event Booth,Follow up in 1 week,Typeform,Deal created from event lead,duplicate_record,Intentional CRM import test case: duplicate_record
DEAL-000084,Vertex 84 Inc - Event Follow-up Deal,COMP-000084,Vertex 84 Inc,CONT-000084,rahul.patel@vertex.con,Closed Lost,250000,INR,90,10000,2026-03-09,2026-06-08,Anu,Cold Email,Share pricing,,Deal created from event lead,typo_in_domain,Intentional CRM import test case: typo_in_domain
DEAL-000085,    Nimbus 85 Technologies    - Event Follow-up Deal  ,COMP-000085,  Nimbus 85 Technologies   ,CONT-000085, neha.kumar@nimbus.com ,Proposal,250000,USD,70,500,2026-04-03,2026-06-25,salesrep2,Webinar,Legal review,Qualtrics,Deal created from event lead,extra_spaces,Intentional CRM import test case: extra_spaces
DEAL-000086,BRIGHTEDGE 86 PVT LTD - Event Follow-up Deal,COMP-000086,BRIGHTEDGE 86 PVT LTD,CONT-000086,KARTHIK.REDDY@BRIGHTEDGE.COM,Negotiation,250000,EUR,50,5000,2026-04-07,2026-04-25,Anu,Event Booth,Send proposal,Qualtrics,Deal created from event lead,mixed_case,Intentional CRM import test case: mixed_case
DEAL-000087,CloudNova 87 Ltd - Event Follow-up Deal,COMP-000087,CloudNova 87 Ltd,CONT-000087,ananya.singh@cloudnova.com,Demo,50000,EUR,30,1000,2026-03-08,31-13-2026,Maya,Partner,Share pricing,SurveyMonkey,Deal created from event lead,wrong_date_format,Intentional CRM import test case: wrong_date_format
DEAL-000088,GreenLeaf 88 Inc - Event Follow-up Deal,COMP-000088,GreenLeaf 88 Inc,CONT-000088,vikram.nair@greenleaf.com,Closed Won,250000,EUR,20,500,2026-03-07,2026-05-14,salesrep2,Referral,Legal review,Google Forms,Deal created from event lead,invalid_phone,Intentional CRM import test case: invalid_phone
DEAL-000089,UrbanHive 89 Solutions - Event Follow-up Deal,COMP-000089,UrbanHive 89 Solutions,CONT-000089,meera.mehta@urbanhive.com,Closed Lost,100000,SGD,30,10000,2026-04-14,2026-07-17,,Partner,Legal review,,Deal created from event lead,country_city_mismatch,Intentional CRM import test case: country_city_mismatch
DEAL-000090,DataNest 90 LLC - Event Follow-up Deal,COMP-000090,DataNest 90 LLC,CONT-000090,sanjay.das@datanest.com,Demo,"$12,00,000",USD,20,1000,2026-03-06,2026-04-10,salesrep2,Cold Email,Follow up in 1 week,Google Forms,Deal created from event lead,wrong_currency_format,Intentional CRM import test case: wrong_currency_format
DEAL-000091,QuantumWorks 91 Solutions - Event Follow-up Deal,COMP-000091,QuantumWorks 91 Solutions,CONT-000091,isha.gupta@quantumworks.com,Closed Lost,5000,USD,eighty percent,5000,2026-04-01,2026-07-30,Kiran,Cold Email,Procurement intro,Typeform,Deal created from event lead,invalid_number_text,Intentional CRM import test case: invalid_number_text
DEAL-000092,Silverline 92 Technologies - Event Follow-up Deal,COMP-NOTFOUND,Silverline 92 Technologies,CONT-NOTFOUND,rohan.rao@silverline.com,Negotiation,10000,SGD,20,500,2026-04-09,2026-07-15,Anu,LinkedIn,Send proposal,Typeform,Deal created from event lead,bad_lookup_reference,Intentional CRM import test case: bad_lookup_reference
DEAL-000093,Redwood 93 Ltd - Event Follow-up Deal,COMP-000093,Redwood 93 Ltd,CONT-000093,nisha.joshi@redwood.com,Demo,50000,SGD,70,5000,2026-01-29,2026-05-24,Maya,Trade Show,Book demo,Typeform,Deal created from event lead,merged_fields,Intentional CRM import test case: merged_fields
DEAL-000094,Zenith 94 LLC & Sons/Partners #1 - Event Follow-up Deal,COMP-000094,Zenith 94 LLC & Sons/Partners #1,CONT-000094,arjun.bose@zenith.com,Prospecting,25000,GBP,80,10000,2026-04-07,2026-05-04,Anu,Trade Show,Procurement intro,Google Forms,Deal created from event lead,special_characters,Intentional CRM import test case: special_characters
DEAL-000095,AlphaCore 95 LLC - Event Follow-up Deal,COMP-000095,AlphaCore 95 LLC,CONT-000095,sneha.khan@alphacore.com,Prospecting,250000,INR,30,10000,2026-01-31,2026-02-12,Kiran,Webinar,Follow up in 1 week,Qualtrics,Deal created from event lead,leading_zero_lost,Intentional CRM import test case: leading_zero_lost
DEAL-000096,MetricBee 96 Inc - Event Follow-up Deal,COMP-000096,MetricBee 96 Inc,CONT-000096,amit.thomas@metricbee.com,Prospecting,50000,USD,20,500,2026-02-15,2026-05-20,Sales Rep 1,Webinar,Legal review,SurveyMonkey,Deal created from event lead,newline_in_field,Intentional CRM import test case: newline_in_field
DEAL-000097,FutureFlow 97 Technologies - Event Follow-up Deal,COMP-000097,FutureFlow 97 Technologies,CONT-000097,pooja.verma@futureflow.com,Almost Won Maybe,50000,INR,20,10000,2026-02-01,2026-04-19,Divyaraj,Event Booth,Share pricing,SurveyMonkey,Deal created from event lead,unknown_picklist_value,Intentional CRM import test case: unknown_picklist_value
DEAL-000098,PeoplePulse 98 Ltd - Event Follow-up Deal,COMP-000098,PeoplePulse 98 Ltd,CONT-000098,manoj.pillai@peoplepulse.com,Closed Lost,100000,USD,50,1000,2026-02-06,2035-12-31,Anu,Webinar,Book demo,Typeform,Deal created from event lead,future_close_date,Intentional CRM import test case: future_close_date
DEAL-000099,SwiftOps 99 Inc - Event Follow-up Deal,COMP-000099,SwiftOps 99 Inc,CONT-000099,leena.jain@swiftops.com,Proposal,-5000,EUR,10,5000,2026-04-06,2026-06-11,Sales Rep 1,Event Booth,Procurement intro,,Deal created from event lead,negative_deal_value,Intentional CRM import test case: negative_deal_value
DEAL-000100,ClearPath 100 Inc - Event Follow-up Deal,COMP-000100,ClearPath 100 Inc,CONT-000100,farhan@gmail.com,Proposal,50000,USD,30,1000,2026-04-01,2026-06-19,Kiran,Inbound,Procurement intro,Qualtrics,Deal created from event lead,personal_email_for_business_contact,Intentional CRM import test case: personal_email_for_business_contact
DEAL-000101,Acme 101 Private Limited - Event Follow-up Deal,COMP-000101,Acme 101 Private Limited,CONT-000101,aarav.sharma@acme.com,Prospecting,100000,EUR,10,500,2026-01-26,2026-03-16,salesrep2,LinkedIn,Share pricing,SurveyMonkey,Deal created from event lead,company_suffix_variation,Intentional CRM import test case: company_suffix_variation
DEAL-000102,BluePeak 102 Ltd - Event Follow-up Deal,COMP-000102,BluePeak 102 Ltd,contact-000010,divya.iyer@bluepeak.com,Closed Won,100000,GBP,90,500,2026-03-23,2026-05-11,Sales Rep 1,LinkedIn,Follow up in 1 week,Google Forms,Deal created from event lead,duplicate_with_different_case,Intentional CRM import test case: duplicate_with_different_case
DEAL-000103,Northstar 103 Inc - Event Follow-up Deal,COMP-000103,Northstar 103 Inc,CONT-000103,priya.menon@northstar.com,Demo,25000,INR,90,1000,2026-05-10,2026-07-09,Kiran,LinkedIn,Book demo,Google Forms,Champion likes us 🔥,emoji_in_field,Intentional CRM import test case: emoji_in_field
DEAL-000104,Vertex 104 Inc - Event Follow-up Deal,COMP-000104,Vertex 104 Inc,CONT-000104,rahul.patel@vertex.com,Closed Lost,250000,SGD,90,500,2026-02-20,2026-04-11,Kiran,Webinar,Follow up in 1 week,Google Forms,Deal created from event lead,url_missing_protocol,Intentional CRM import test case: url_missing_protocol
DEAL-000105,Nimbus 105 LLC - Event Follow-up Deal,COMP-000105,Nimbus 105 LLC,CONT-000105,neha.kumar@nimbus.com,Closed Lost,25000,SGD,90,500,2026-02-06,2026-04-09,,Referral,Procurement intro,Qualtrics,Deal created from event lead,postal_code_as_number,Intentional CRM import test case: postal_code_as_number
DEAL-000106,Test Deal,COMP-000106,BrightEdge 106 Solutions,CONT-000106,karthik.reddy@brightedge.com,Demo,50000,EUR,80,10000,2026-03-08,2026-03-26,salesrep2,Event Booth,TBD,,Deal created from event lead,placeholder_text,Intentional CRM import test case: placeholder_text
DEAL-000107,CloudNova 107 Inc - Event Follow-up Deal,COMP-000107,CloudNova 107 Inc,CONT-000107,ananya.singh@cloudnova.com,Closed Won,100000,USD,80,5000,2026-02-03,2026-02-19,,Referral,Send proposal,Google Forms,Deal created from event lead,blank_owner,Intentional CRM import test case: blank_owner
DEAL-000108,,COMP-000108,,CONT-000108,,Demo,25000,EUR,10,500,2026-04-16,2026-07-15,Anu,LinkedIn,Legal review,Typeform,Deal created from event lead,missing_required_field,Intentional CRM import test case: missing_required_field
DEAL-000109,UrbanHive 109 Solutions - Event Follow-up Deal,COMP-000109,UrbanHive 109 Solutions,CONT-000109,meera.mehta at urbanhive.com,Closed Won,50000,GBP,50,5000,2026-01-23,2026-04-19,,Referral,Share pricing,Typeform,Deal created from event lead,invalid_email,Intentional CRM import test case: invalid_email
DEAL-000001,DataNest 110 Solutions - Event Follow-up Deal,COMP-000001,DataNest 110 Solutions,CONT-000110,sanjay.das@datanest.com,Closed Lost,25000,GBP,20,500,2026-02-13,2026-05-09,Maya,Event Booth,Book demo,Google Forms,Deal created from event lead,duplicate_record,Intentional CRM import test case: duplicate_record
DEAL-000111,QuantumWorks 111 LLC - Event Follow-up Deal,COMP-000111,QuantumWorks 111 LLC,CONT-000111,isha.gupta@quantumworks.con,Closed Lost,75000,USD,10,500,2026-01-19,2026-03-18,Sales Rep 1,LinkedIn,Send proposal,Google Forms,Deal created from event lead,typo_in_domain,Intentional CRM import test case: typo_in_domain
DEAL-000112,    Silverline 112 Technologies    - Event Follow-up Deal  ,COMP-000112,  Silverline 112 Technologies   ,CONT-000112, rohan.rao@silverline.com ,Closed Won,250000,USD,10,5000,2026-04-16,2026-05-29,Sales Rep 1,Partner,Legal review,Qualtrics,Deal created from event lead,extra_spaces,Intentional CRM import test case: extra_spaces
DEAL-000113,REDWOOD 113 LTD - Event Follow-up Deal,COMP-000113,REDWOOD 113 LTD,CONT-000113,NISHA.JOSHI@REDWOOD.COM,Demo,10000,EUR,10,500,2026-04-22,2026-05-13,salesrep2,Partner,Follow up in 1 week,Google Forms,Deal created from event lead,mixed_case,Intentional CRM import test case: mixed_case
DEAL-000114,Zenith 114 Technologies - Event Follow-up Deal,COMP-000114,Zenith 114 Technologies,CONT-000114,arjun.bose@zenith.com,Closed Won,10000,USD,90,2000,2026-04-26,31-13-2026,Kiran,Inbound,Follow up in 1 week,Typeform,Deal created from event lead,wrong_date_format,Intentional CRM import test case: wrong_date_format
DEAL-000115,AlphaCore 115 Ltd - Event Follow-up Deal,COMP-000115,AlphaCore 115 Ltd,CONT-000115,sneha.khan@alphacore.com,Discovery,75000,USD,90,2000,2026-03-17,2026-07-14,salesrep2,LinkedIn,Follow up in 1 week,Typeform,Deal created from event lead,invalid_phone,Intentional CRM import test case: invalid_phone
DEAL-000116,MetricBee 116 Solutions - Event Follow-up Deal,COMP-000116,MetricBee 116 Solutions,CONT-000116,amit.thomas@metricbee.com,Discovery,5000,GBP,30,1000,2026-03-20,2026-07-09,Sales Rep 1,Inbound,Book demo,Qualtrics,Deal created from event lead,country_city_mismatch,Intentional CRM import test case: country_city_mismatch
DEAL-000117,FutureFlow 117 LLC - Event Follow-up Deal,COMP-000117,FutureFlow 117 LLC,CONT-000117,pooja.verma@futureflow.com,Closed Won,"$12,00,000",INR,10,5000,2026-02-26,2026-06-03,Anu,Event Booth,Procurement intro,Google Forms,Deal created from event lead,wrong_currency_format,Intentional CRM import test case: wrong_currency_format
DEAL-000118,PeoplePulse 118 Technologies - Event Follow-up Deal,COMP-000118,PeoplePulse 118 Technologies,CONT-000118,manoj.pillai@peoplepulse.com,Closed Won,50000,SGD,eighty percent,10000,2026-02-13,2026-03-22,Kiran,Webinar,Send proposal,SurveyMonkey,Deal created from event lead,invalid_number_text,Intentional CRM import test case: invalid_number_text
DEAL-000119,SwiftOps 119 LLC - Event Follow-up Deal,COMP-NOTFOUND,SwiftOps 119 LLC,CONT-NOTFOUND,leena.jain@swiftops.com,Demo,10000,SGD,30,10000,2026-05-04,2026-05-20,salesrep2,Trade Show,Send proposal,Qualtrics,Deal created from event lead,bad_lookup_reference,Intentional CRM import test case: bad_lookup_reference
DEAL-000120,ClearPath 120 Solutions - Event Follow-up Deal,COMP-000120,ClearPath 120 Solutions,CONT-000120,farhan.roy@clearpath.com,Proposal,25000,SGD,80,2000,2026-03-08,2026-06-05,Anu,Trade Show,Legal review,Typeform,Deal created from event lead,merged_fields,Intentional CRM import test case: merged_fields
DEAL-000121,Acme 121 Inc & Sons/Partners #1 - Event Follow-up Deal,COMP-000121,Acme 121 Inc & Sons/Partners #1,CONT-000121,aarav.sharma@acme.com,Negotiation,50000,GBP,50,1000,2026-04-08,2026-05-09,Divyaraj,Event Booth,Procurement intro,SurveyMonkey,Deal created from event lead,special_characters,Intentional CRM import test case: special_characters
DEAL-000122,BluePeak 122 Inc - Event Follow-up Deal,COMP-000122,BluePeak 122 Inc,CONT-000122,divya.iyer@bluepeak.com,Demo,5000,GBP,10,1000,2026-03-17,2026-04-14,Maya,Cold Email,Procurement intro,Qualtrics,Deal created from event lead,leading_zero_lost,Intentional CRM import test case: leading_zero_lost
DEAL-000123,Northstar 123 Inc - Event Follow-up Deal,COMP-000123,Northstar 123 Inc,CONT-000123,priya.menon@northstar.com,Demo,25000,EUR,90,2000,2026-01-13,2026-03-19,Sales Rep 1,Event Booth,Follow up in 1 week,Typeform,Deal created from event lead,newline_in_field,Intentional CRM import test case: newline_in_field
DEAL-000124,Vertex 124 LLC - Event Follow-up Deal,COMP-000124,Vertex 124 LLC,CONT-000124,rahul.patel@vertex.com,Almost Won Maybe,250000,USD,70,5000,2026-04-01,2026-07-14,Divyaraj,LinkedIn,Book demo,,Deal created from event lead,unknown_picklist_value,Intentional CRM import test case: unknown_picklist_value
DEAL-000125,Nimbus 125 Solutions - Event Follow-up Deal,COMP-000125,Nimbus 125 Solutions,CONT-000125,neha.kumar@nimbus.com,Prospecting,50000,GBP,20,5000,2026-04-12,2035-12-31,Maya,Webinar,Follow up in 1 week,,Deal created from event lead,future_close_date,Intentional CRM import test case: future_close_date
DEAL-000126,BrightEdge 126 Ltd - Event Follow-up Deal,COMP-000126,BrightEdge 126 Ltd,CONT-000126,aarav.sharma at acme.com,Closed Won,-5000,SGD,50,5000,2026-03-16,2026-05-10,Divyaraj,Referral,Send proposal,Qualtrics,Deal created from event lead,negative_deal_value,Intentional CRM import test case: negative_deal_value
DEAL-000127,CloudNova 127 Ltd - Event Follow-up Deal,COMP-000127,CloudNova 127 Ltd,CONT-000127,ananya@gmail.com,Closed Lost,25000,USD,90,1000,2026-04-30,2026-06-05,salesrep2,Cold Email,Legal review,SurveyMonkey,Deal created from event lead,personal_email_for_business_contact,Intentional CRM import test case: personal_email_for_business_contact
DEAL-000128,GreenLeaf 128 Technologies - Event Follow-up Deal,COMP-000128,GreenLeaf 128 Technologies,CONT-000128,vikram.nair@greenleaf.com,Prospecting,75000,EUR,20,5000,2026-04-14,2026-07-07,Divyaraj,LinkedIn,Follow up in 1 week,,Deal created from event lead,company_suffix_variation,Intentional CRM import test case: company_suffix_variation
DEAL-000129,UrbanHive 129 Technologies - Event Follow-up Deal,COMP-000129,UrbanHive 129 Technologies,contact-000010,meera.mehta@urbanhive.com,Prospecting,25000,INR,50,2000,2026-01-18,2026-03-11,Sales Rep 1,Webinar,Share pricing,Typeform,Deal created from event lead,duplicate_with_different_case,Intentional CRM import test case: duplicate_with_different_case
DEAL-000130,DataNest 130 Technologies - Event Follow-up Deal,COMP-000130,DataNest 130 Technologies,CONT-000130,sanjay.das@datanest.com,Proposal,250000,SGD,50,2000,2026-05-08,2026-05-28,Sales Rep 1,Trade Show,Share pricing,,Champion likes us 🔥,emoji_in_field,Intentional CRM import test case: emoji_in_field
DEAL-000131,QuantumWorks 131 Inc - Event Follow-up Deal,COMP-000131,QuantumWorks 131 Inc,CONT-000131,isha.gupta@quantumworks.com,Proposal,25000,EUR,20,1000,2026-02-17,2026-05-17,,Trade Show,Procurement intro,Qualtrics,Deal created from event lead,url_missing_protocol,Intentional CRM import test case: url_missing_protocol
DEAL-000132,Silverline 132 Solutions - Event Follow-up Deal,COMP-000132,Silverline 132 Solutions,CONT-000132,rohan.rao@silverline.com,Prospecting,100000,INR,70,10000,2026-03-31,2026-07-21,Maya,Webinar,Follow up in 1 week,Qualtrics,Deal created from event lead,postal_code_as_number,Intentional CRM import test case: postal_code_as_number
DEAL-000133,Test Deal,COMP-000133,Redwood 133 Technologies,CONT-000133,nisha.joshi@redwood.com,Closed Lost,250000,SGD,10,500,2026-04-19,2026-05-29,,LinkedIn,TBD,Google Forms,Deal created from event lead,placeholder_text,Intentional CRM import test case: placeholder_text
DEAL-000134,Zenith 134 Technologies - Event Follow-up Deal,COMP-000134,Zenith 134 Technologies,CONT-000134,arjun.bose@zenith.com,Demo,100000,USD,10,2000,2026-02-01,2026-04-03,,Partner,Procurement intro,Qualtrics,Deal created from event lead,blank_owner,Intentional CRM import test case: blank_owner
DEAL-000135,,COMP-000135,,CONT-000135,,Negotiation,10000,GBP,80,500,2026-01-16,2026-04-23,,Event Booth,Legal review,Typeform,Deal created from event lead,missing_required_field,Intentional CRM import test case: missing_required_field
DEAL-000136,MetricBee 136 Inc - Event Follow-up Deal,COMP-000136,MetricBee 136 Inc,CONT-000136,amit.thomas at metricbee.com,Proposal,50000,GBP,70,10000,2026-03-10,2026-05-16,Maya,Webinar,Follow up in 1 week,Qualtrics,Deal created from event lead,invalid_email,Intentional CRM import test case: invalid_email
DEAL-000001,FutureFlow 137 Solutions - Event Follow-up Deal,COMP-000001,FutureFlow 137 Solutions,CONT-000137,pooja.verma@futureflow.com,Proposal,100000,SGD,10,500,2026-02-22,2026-03-27,Sales Rep 1,Event Booth,Follow up in 1 week,Typeform,Deal created from event lead,duplicate_record,Intentional CRM import test case: duplicate_record
DEAL-000138,PeoplePulse 138 Pvt Ltd - Event Follow-up Deal,COMP-000138,PeoplePulse 138 Pvt Ltd,CONT-000138,manoj.pillai@peoplepulse.con,Closed Won,10000,SGD,70,10000,2026-02-18,2026-05-26,Divyaraj,Cold Email,Follow up in 1 week,Google Forms,Deal created from event lead,typo_in_domain,Intentional CRM import test case: typo_in_domain
DEAL-000139,    SwiftOps 139 Inc    - Event Follow-up Deal  ,COMP-000139,  SwiftOps 139 Inc   ,CONT-000139, leena.jain@swiftops.com ,Proposal,25000,USD,20,2000,2026-05-01,2026-08-21,,LinkedIn,Legal review,Google Forms,Deal created from event lead,extra_spaces,Intentional CRM import test case: extra_spaces
DEAL-000140,CLEARPATH 140 LLC - Event Follow-up Deal,COMP-000140,CLEARPATH 140 LLC,CONT-000140,FARHAN.ROY@CLEARPATH.COM,Prospecting,75000,INR,10,10000,2026-04-04,2026-06-25,Divyaraj,Partner,Follow up in 1 week,,Deal created from event lead,mixed_case,Intentional CRM import test case: mixed_case
DEAL-000141,Acme 141 LLC - Event Follow-up Deal,COMP-000141,Acme 141 LLC,CONT-000141,aarav.sharma@acme.com,Closed Won,75000,GBP,30,2000,2026-03-13,31-13-2026,Sales Rep 1,Webinar,Legal review,,Deal created from event lead,wrong_date_format,Intentional CRM import test case: wrong_date_format
DEAL-000142,BluePeak 142 LLC - Event Follow-up Deal,COMP-000142,BluePeak 142 LLC,CONT-000142,divya.iyer@bluepeak.com,Closed Won,50000,USD,90,1000,2026-04-27,2026-08-09,,Partner,Send proposal,,Deal created from event lead,invalid_phone,Intentional CRM import test case: invalid_phone
DEAL-000143,Northstar 143 Ltd - Event Follow-up Deal,COMP-000143,Northstar 143 Ltd,CONT-000143,priya.menon@northstar.com,Demo,25000,EUR,80,5000,2026-03-19,2026-06-27,,Inbound,Legal review,Qualtrics,Deal created from event lead,country_city_mismatch,Intentional CRM import test case: country_city_mismatch
DEAL-000144,Vertex 144 Technologies - Event Follow-up Deal,COMP-000144,Vertex 144 Technologies,CONT-000144,rahul.patel@vertex.com,Discovery,"$12,00,000",USD,10,10000,2026-03-29,2026-07-20,Kiran,Webinar,Follow up in 1 week,SurveyMonkey,Deal created from event lead,wrong_currency_format,Intentional CRM import test case: wrong_currency_format
DEAL-000145,Nimbus 145 Ltd - Event Follow-up Deal,COMP-000145,Nimbus 145 Ltd,CONT-000145,neha.kumar@nimbus.com,Proposal,5000,INR,eighty percent,5000,2026-05-09,2026-05-19,Maya,Partner,Procurement intro,SurveyMonkey,Deal created from event lead,invalid_number_text,Intentional CRM import test case: invalid_number_text
DEAL-000146,BrightEdge 146 LLC - Event Follow-up Deal,COMP-NOTFOUND,BrightEdge 146 LLC,CONT-NOTFOUND,karthik.reddy@brightedge.com,Demo,75000,EUR,30,5000,2026-02-08,2026-04-21,,Cold Email,Send proposal,Typeform,Deal created from event lead,bad_lookup_reference,Intentional CRM import test case: bad_lookup_reference
DEAL-000147,CloudNova 147 LLC - Event Follow-up Deal,COMP-000147,CloudNova 147 LLC,CONT-000147,ananya.singh@cloudnova.com,Discovery,5000,INR,80,1000,2026-04-24,2026-05-05,,Trade Show,Book demo,Google Forms,Deal created from event lead,merged_fields,Intentional CRM import test case: merged_fields
DEAL-000148,GreenLeaf 148 LLC & Sons/Partners #1 - Event Follow-up Deal,COMP-000148,GreenLeaf 148 LLC & Sons/Partners #1,CONT-000148,vikram.nair@greenleaf.com,Closed Won,10000,SGD,90,10000,2026-02-17,2026-03-17,Anu,Webinar,Share pricing,Google Forms,Deal created from event lead,special_characters,Intentional CRM import test case: special_characters
DEAL-000149,UrbanHive 149 Technologies - Event Follow-up Deal,COMP-000149,UrbanHive 149 Technologies,CONT-000149,meera.mehta@urbanhive.com,Proposal,5000,INR,20,1000,2026-04-23,2026-07-02,salesrep2,Inbound,Follow up in 1 week,Google Forms,Deal created from event lead,leading_zero_lost,Intentional CRM import test case: leading_zero_lost
DEAL-000150,DataNest 150 Pvt Ltd - Event Follow-up Deal,COMP-000150,DataNest 150 Pvt Ltd,CONT-000150,sanjay.das@datanest.com,Proposal,75000,USD,20,2000,2026-05-09,2026-09-06,Sales Rep 1,Partner,Send proposal,Qualtrics,Deal created from event lead,newline_in_field,Intentional CRM import test case: newline_in_field
DEAL-000151,QuantumWorks 151 LLC - Event Follow-up Deal,COMP-000151,QuantumWorks 151 LLC,CONT-000151,isha.gupta@quantumworks.com,Almost Won Maybe,250000,SGD,50,5000,2026-05-10,2026-06-02,salesrep2,Cold Email,Send proposal,Google Forms,Deal created from event lead,unknown_picklist_value,Intentional CRM import test case: unknown_picklist_value
DEAL-000152,Silverline 152 Inc - Event Follow-up Deal,COMP-000152,Silverline 152 Inc,CONT-000152,rohan.rao@silverline.com,Negotiation,75000,EUR,80,5000,2026-03-21,2035-12-31,Anu,Trade Show,Legal review,,Deal created from event lead,future_close_date,Intentional CRM import test case: future_close_date
DEAL-000153,Redwood 153 LLC - Event Follow-up Deal,COMP-000153,Redwood 153 LLC,CONT-000153,nisha.joshi@redwood.com,Demo,-5000,INR,30,5000,2026-03-18,2026-06-09,Maya,Webinar,Follow up in 1 week,SurveyMonkey,Deal created from event lead,negative_deal_value,Intentional CRM import test case: negative_deal_value
DEAL-000154,Zenith 154 Technologies - Event Follow-up Deal,COMP-000154,Zenith 154 Technologies,CONT-000154,arjun@gmail.com,Demo,50000,SGD,10,1000,2026-01-11,2026-04-13,Kiran,LinkedIn,Follow up in 1 week,Qualtrics,Deal created from event lead,personal_email_for_business_contact,Intentional CRM import test case: personal_email_for_business_contact
DEAL-000155,AlphaCore 155 Inc - Event Follow-up Deal,COMP-000155,AlphaCore 155 Inc,CONT-000155,sneha.khan@alphacore.com,Negotiation,10000,EUR,80,2000,2026-03-16,2026-04-24,Sales Rep 1,Inbound,Book demo,Qualtrics,Deal created from event lead,company_suffix_variation,Intentional CRM import test case: company_suffix_variation
DEAL-000156,MetricBee 156 LLC - Event Follow-up Deal,COMP-000156,MetricBee 156 LLC,contact-000010,amit.thomas@metricbee.com,Proposal,50000,GBP,90,5000,2026-02-08,2026-05-20,,Referral,Legal review,Typeform,Deal created from event lead,duplicate_with_different_case,Intentional CRM import test case: duplicate_with_different_case
DEAL-000157,FutureFlow 157 Technologies - Event Follow-up Deal,COMP-000157,FutureFlow 157 Technologies,CONT-000157,pooja.verma@futureflow.com,Closed Won,5000,SGD,20,1000,2026-04-05,2026-07-12,Anu,Referral,Legal review,Google Forms,Champion likes us 🔥,emoji_in_field,Intentional CRM import test case: emoji_in_field
DEAL-000158,PeoplePulse 158 Inc - Event Follow-up Deal,COMP-000158,PeoplePulse 158 Inc,CONT-000158,manoj.pillai@peoplepulse.com,Proposal,50000,GBP,20,1000,2026-04-29,2026-08-18,Sales Rep 1,Trade Show,Send proposal,Qualtrics,Deal created from event lead,url_missing_protocol,Intentional CRM import test case: url_missing_protocol
DEAL-000159,SwiftOps 159 Technologies - Event Follow-up Deal,COMP-000159,SwiftOps 159 Technologies,CONT-000159,leena.jain@swiftops.com,Demo,100000,USD,20,10000,2026-01-19,2026-03-03,Divyaraj,Webinar,Share pricing,Google Forms,Deal created from event lead,postal_code_as_number,Intentional CRM import test case: postal_code_as_number
DEAL-000160,Test Deal,COMP-000160,ClearPath 160 Solutions,CONT-000160,farhan.roy@clearpath.com,Discovery,5000,EUR,20,5000,2026-04-27,2026-07-25,Kiran,Event Booth,TBD,,Deal created from event lead,placeholder_text,Intentional CRM import test case: placeholder_text
DEAL-000161,Acme 161 Solutions - Event Follow-up Deal,COMP-000161,Acme 161 Solutions,CONT-000161,aarav.sharma@acme.com,Demo,10000,EUR,70,500,2026-02-02,2026-04-24,,Trade Show,Follow up in 1 week,Google Forms,Deal created from event lead,blank_owner,Intentional CRM import test case: blank_owner
DEAL-000162,,COMP-000162,,CONT-000162,,Prospecting,5000,EUR,70,500,2026-01-24,2026-05-10,,Trade Show,Legal review,,Deal created from event lead,missing_required_field,Intentional CRM import test case: missing_required_field
DEAL-000163,Northstar 163 Ltd - Event Follow-up Deal,COMP-000163,Northstar 163 Ltd,CONT-000163,priya.menon at northstar.com,Prospecting,250000,USD,30,1000,2026-04-20,2026-07-19,salesrep2,Cold Email,Procurement intro,Google Forms,Deal created from event lead,invalid_email,Intentional CRM import test case: invalid_email
DEAL-000001,Vertex 164 Inc - Event Follow-up Deal,COMP-000001,Vertex 164 Inc,CONT-000164,rahul.patel@vertex.com,Proposal,100000,INR,20,2000,2026-02-03,2026-04-18,Kiran,Referral,Send proposal,Typeform,Deal created from event lead,duplicate_record,Intentional CRM import test case: duplicate_record
DEAL-000165,Nimbus 165 Inc - Event Follow-up Deal,COMP-000165,Nimbus 165 Inc,CONT-000165,neha.kumar@nimbus.con,Closed Lost,250000,INR,20,5000,2026-03-16,2026-05-18,Kiran,Cold Email,Legal review,Typeform,Deal created from event lead,typo_in_domain,Intentional CRM import test case: typo_in_domain
DEAL-000166,    BrightEdge 166 Solutions    - Event Follow-up Deal  ,COMP-000166,  BrightEdge 166 Solutions   ,CONT-000166, karthik.reddy@brightedge.com ,Demo,100000,SGD,30,1000,2026-05-01,2026-06-14,Anu,Partner,Book demo,Typeform,Deal created from event lead,extra_spaces,Intentional CRM import test case: extra_spaces
DEAL-000167,CLOUDNOVA 167 INC - Event Follow-up Deal,COMP-000167,CLOUDNOVA 167 INC,CONT-000167,ANANYA.SINGH@CLOUDNOVA.COM,Proposal,50000,SGD,90,10000,2026-01-29,2026-04-03,,Event Booth,Send proposal,Google Forms,Deal created from event lead,mixed_case,Intentional CRM import test case: mixed_case
DEAL-000168,GreenLeaf 168 Pvt Ltd - Event Follow-up Deal,COMP-000168,GreenLeaf 168 Pvt Ltd,CONT-000168,vikram.nair@greenleaf.com,Prospecting,100000,EUR,10,500,2026-04-23,31-13-2026,Kiran,Event Booth,Follow up in 1 week,Typeform,Deal created from event lead,wrong_date_format,Intentional CRM import test case: wrong_date_format
DEAL-000169,UrbanHive 169 Ltd - Event Follow-up Deal,COMP-000169,UrbanHive 169 Ltd,CONT-000169,meera.mehta@urbanhive.com,Proposal,250000,INR,80,1000,2026-03-17,2026-04-03,Sales Rep 1,Trade Show,Procurement intro,SurveyMonkey,Deal created from event lead,invalid_phone,Intentional CRM import test case: invalid_phone
DEAL-000170,DataNest 170 Inc - Event Follow-up Deal,COMP-000170,DataNest 170 Inc,CONT-000170,sanjay.das@datanest.com,Proposal,100000,EUR,90,2000,2026-04-04,2026-06-06,salesrep2,Event Booth,Share pricing,,Deal created from event lead,country_city_mismatch,Intentional CRM import test case: country_city_mismatch
DEAL-000171,QuantumWorks 171 Solutions - Event Follow-up Deal,COMP-000171,QuantumWorks 171 Solutions,CONT-000171,isha.gupta@quantumworks.com,Negotiation,"$12,00,000",USD,80,5000,2026-01-26,2026-03-12,Maya,LinkedIn,Legal review,SurveyMonkey,Deal created from event lead,wrong_currency_format,Intentional CRM import test case: wrong_currency_format
DEAL-000172,Silverline 172 Ltd - Event Follow-up Deal,COMP-000172,Silverline 172 Ltd,CONT-000172,rohan.rao@silverline.com,Closed Won,50000,GBP,eighty percent,5000,2026-01-31,2026-04-30,,LinkedIn,Share pricing,,Deal created from event lead,invalid_number_text,Intentional CRM import test case: invalid_number_text
DEAL-000173,Redwood 173 LLC - Event Follow-up Deal,COMP-NOTFOUND,Redwood 173 LLC,CONT-NOTFOUND,nisha.joshi@redwood.com,Demo,50000,USD,70,10000,2026-05-07,2026-07-24,Kiran,LinkedIn,Send proposal,SurveyMonkey,Deal created from event lead,bad_lookup_reference,Intentional CRM import test case: bad_lookup_reference
DEAL-000174,Zenith 174 LLC - Event Follow-up Deal,COMP-000174,Zenith 174 LLC,CONT-000174,arjun.bose@zenith.com,Negotiation,25000,USD,10,500,2026-03-02,2026-04-20,,Cold Email,Book demo,Qualtrics,Deal created from event lead,merged_fields,Intentional CRM import test case: merged_fields
DEAL-000175,AlphaCore 175 Solutions & Sons/Partners #1 - Event Follow-up Deal,COMP-000175,AlphaCore 175 Solutions & Sons/Partners #1,CONT-000175,sneha.khan@alphacore.com,Negotiation,5000,INR,90,2000,2026-02-08,2026-04-13,Kiran,Event Booth,Send proposal,,Deal created from event lead,special_characters,Intentional CRM import test case: special_characters
DEAL-000176,MetricBee 176 Technologies - Event Follow-up Deal,COMP-000176,MetricBee 176 Technologies,CONT-000176,aarav.sharma at acme.com,Prospecting,50000,GBP,70,500,2026-02-04,2026-05-08,Maya,Event Booth,Book demo,SurveyMonkey,Deal created from event lead,leading_zero_lost,Intentional CRM import test case: leading_zero_lost
DEAL-000177,FutureFlow 177 Technologies - Event Follow-up Deal,COMP-000177,FutureFlow 177 Technologies,CONT-000177,pooja.verma@futureflow.com,Closed Won,100000,EUR,90,10000,2026-02-28,2026-06-09,Anu,Event Booth,Share pricing,Qualtrics,Deal created from event lead,newline_in_field,Intentional CRM import test case: newline_in_field
DEAL-000178,PeoplePulse 178 Ltd - Event Follow-up Deal,COMP-000178,PeoplePulse 178 Ltd,CONT-000178,manoj.pillai@peoplepulse.com,Almost Won Maybe,100000,EUR,80,1000,2026-02-15,2026-06-05,salesrep2,Partner,Legal review,Typeform,Deal created from event lead,unknown_picklist_value,Intentional CRM import test case: unknown_picklist_value
DEAL-000179,SwiftOps 179 Solutions - Event Follow-up Deal,COMP-000179,SwiftOps 179 Solutions,CONT-000179,leena.jain@swiftops.com,Negotiation,75000,USD,90,2000,2026-04-28,2035-12-31,Maya,Webinar,Book demo,Google Forms,Deal created from event lead,future_close_date,Intentional CRM import test case: future_close_date
DEAL-000180,ClearPath 180 Pvt Ltd - Event Follow-up Deal,COMP-000180,ClearPath 180 Pvt Ltd,CONT-000180,farhan.roy@clearpath.com,Prospecting,-5000,INR,50,1000,2026-01-25,2026-03-28,Maya,LinkedIn,Follow up in 1 week,,Deal created from event lead,negative_deal_value,Intentional CRM import test case: negative_deal_value
DEAL-000181,Acme 181 LLC - Event Follow-up Deal,COMP-000181,Acme 181 LLC,CONT-000181,aarav@gmail.com,Negotiation,50000,EUR,70,10000,2026-03-25,2026-06-29,,Partner,Share pricing,SurveyMonkey,Deal created from event lead,personal_email_for_business_contact,Intentional CRM import test case: personal_email_for_business_contact
DEAL-000182,BluePeak 182 Inc - Event Follow-up Deal,COMP-000182,BluePeak 182 Inc,CONT-000182,divya.iyer@bluepeak.com,Proposal,50000,SGD,80,5000,2026-03-09,2026-06-08,,Referral,Book demo,SurveyMonkey,Deal created from event lead,company_suffix_variation,Intentional CRM import test case: company_suffix_variation
DEAL-000183,Northstar 183 Ltd - Event Follow-up Deal,COMP-000183,Northstar 183 Ltd,contact-000010,priya.menon@northstar.com,Closed Won,50000,USD,80,10000,2026-04-25,2026-07-06,,Webinar,Procurement intro,Typeform,Deal created from event lead,duplicate_with_different_case,Intentional CRM import test case: duplicate_with_different_case
DEAL-000184,Vertex 184 Pvt Ltd - Event Follow-up Deal,COMP-000184,Vertex 184 Pvt Ltd,CONT-000184,rahul.patel@vertex.com,Prospecting,100000,USD,70,2000,2026-03-14,2026-05-23,Divyaraj,Partner,Send proposal,,Champion likes us 🔥,emoji_in_field,Intentional CRM import test case: emoji_in_field
DEAL-000185,Nimbus 185 Inc - Event Follow-up Deal,COMP-000185,Nimbus 185 Inc,CONT-000185,neha.kumar@nimbus.com,Demo,5000,EUR,20,500,2026-03-25,2026-06-16,Kiran,Cold Email,Share pricing,Qualtrics,Deal created from event lead,url_missing_protocol,Intentional CRM import test case: url_missing_protocol
DEAL-000186,BrightEdge 186 LLC - Event Follow-up Deal,COMP-000186,BrightEdge 186 LLC,CONT-000186,karthik.reddy@brightedge.com,Prospecting,250000,USD,20,10000,2026-04-04,2026-06-15,Maya,Trade Show,Share pricing,Qualtrics,Deal created from event lead,postal_code_as_number,Intentional CRM import test case: postal_code_as_number
DEAL-000187,Test Deal,COMP-000187,CloudNova 187 Ltd,CONT-000187,ananya.singh@cloudnova.com,Closed Lost,100000,SGD,10,500,2026-04-14,2026-05-17,Sales Rep 1,Event Booth,TBD,,Deal created from event lead,placeholder_text,Intentional CRM import test case: placeholder_text
DEAL-000188,GreenLeaf 188 Technologies - Event Follow-up Deal,COMP-000188,GreenLeaf 188 Technologies,CONT-000188,vikram.nair@greenleaf.com,Negotiation,25000,EUR,50,2000,2026-03-19,2026-05-29,,Partner,Follow up in 1 week,SurveyMonkey,Deal created from event lead,blank_owner,Intentional CRM import test case: blank_owner
DEAL-000189,,COMP-000189,,CONT-000189,,Discovery,75000,SGD,90,5000,2026-04-25,2026-08-10,salesrep2,Inbound,Book demo,Qualtrics,Deal created from event lead,missing_required_field,Intentional CRM import test case: missing_required_field
DEAL-000190,DataNest 190 Solutions - Event Follow-up Deal,COMP-000190,DataNest 190 Solutions,CONT-000190,sanjay.das at datanest.com,Negotiation,100000,EUR,50,5000,2026-04-30,2026-08-20,Anu,Partner,Share pricing,SurveyMonkey,Deal created from event lead,invalid_email,Intentional CRM import test case: invalid_email
DEAL-000001,QuantumWorks 191 Inc - Event Follow-up Deal,COMP-000001,QuantumWorks 191 Inc,CONT-000191,isha.gupta@quantumworks.com,Proposal,100000,GBP,80,500,2026-05-06,2026-08-09,,Referral,Procurement intro,,Deal created from event lead,duplicate_record,Intentional CRM import test case: duplicate_record
DEAL-000192,Silverline 192 Technologies - Event Follow-up Deal,COMP-000192,Silverline 192 Technologies,CONT-000192,rohan.rao@silverline.con,Closed Lost,250000,GBP,70,500,2026-02-27,2026-05-28,salesrep2,Webinar,Book demo,SurveyMonkey,Deal created from event lead,typo_in_domain,Intentional CRM import test case: typo_in_domain
DEAL-000193,    Redwood 193 Solutions    - Event Follow-up Deal  ,COMP-000193,  Redwood 193 Solutions   ,CONT-000193, nisha.joshi@redwood.com ,Closed Lost,5000,EUR,70,1000,2026-03-03,2026-05-25,,Inbound,Legal review,,Deal created from event lead,extra_spaces,Intentional CRM import test case: extra_spaces
DEAL-000194,ZENITH 194 LLC - Event Follow-up Deal,COMP-000194,ZENITH 194 LLC,CONT-000194,ARJUN.BOSE@ZENITH.COM,Negotiation,10000,INR,30,1000,2026-04-26,2026-07-29,Anu,Inbound,Send proposal,SurveyMonkey,Deal created from event lead,mixed_case,Intentional CRM import test case: mixed_case
DEAL-000195,AlphaCore 195 Solutions - Event Follow-up Deal,COMP-000195,AlphaCore 195 Solutions,CONT-000195,sneha.khan@alphacore.com,Proposal,75000,INR,50,500,2026-02-23,31-13-2026,Kiran,Partner,Book demo,Google Forms,Deal created from event lead,wrong_date_format,Intentional CRM import test case: wrong_date_format
DEAL-000196,MetricBee 196 LLC - Event Follow-up Deal,COMP-000196,MetricBee 196 LLC,CONT-000196,amit.thomas@metricbee.com,Negotiation,25000,SGD,30,500,2026-05-08,2026-09-05,Divyaraj,Webinar,Legal review,Typeform,Deal created from event lead,invalid_phone,Intentional CRM import test case: invalid_phone
DEAL-000197,FutureFlow 197 Pvt Ltd - Event Follow-up Deal,COMP-000197,FutureFlow 197 Pvt Ltd,CONT-000197,pooja.verma@futureflow.com,Discovery,25000,INR,20,2000,2026-04-05,2026-05-03,Maya,Referral,Send proposal,SurveyMonkey,Deal created from event lead,country_city_mismatch,Intentional CRM import test case: country_city_mismatch
DEAL-000198,PeoplePulse 198 Inc - Event Follow-up Deal,COMP-000198,PeoplePulse 198 Inc,CONT-000198,manoj.pillai@peoplepulse.com,Prospecting,"$12,00,000",INR,30,5000,2026-03-31,2026-05-03,Divyaraj,Event Booth,Book demo,Google Forms,Deal created from event lead,wrong_currency_format,Intentional CRM import test case: wrong_currency_format
DEAL-000199,SwiftOps 199 Inc - Event Follow-up Deal,COMP-000199,SwiftOps 199 Inc,CONT-000199,leena.jain@swiftops.com,Demo,50000,INR,eighty percent,1000,2026-01-17,2026-03-09,Anu,LinkedIn,Follow up in 1 week,SurveyMonkey,Deal created from event lead,invalid_number_text,Intentional CRM import test case: invalid_number_text
DEAL-000200,ClearPath 200 Pvt Ltd - Event Follow-up Deal,COMP-NOTFOUND,ClearPath 200 Pvt Ltd,CONT-NOTFOUND,farhan.roy@clearpath.com,Proposal,5000,GBP,10,2000,2026-02-04,2026-04-19,Maya,Partner,Send proposal,Google Forms,Deal created from event lead,bad_lookup_reference,Intentional CRM import test case: bad_lookup_reference
DEAL-000201,Acme 201 Solutions - Event Follow-up Deal,COMP-000201,Acme 201 Solutions,CONT-000201,aarav.sharma@acme.com,Closed Won,10000,INR,30,10000,2026-05-08,2026-07-09,Sales Rep 1,Webinar,Book demo,SurveyMonkey,Deal created from event lead,merged_fields,Intentional CRM import test case: merged_fields
DEAL-000202,BluePeak 202 Inc & Sons/Partners #1 - Event Follow-up Deal,COMP-000202,BluePeak 202 Inc & Sons/Partners #1,CONT-000202,divya.iyer@bluepeak.com,Discovery,25000,EUR,50,5000,2026-02-17,2026-06-07,Divyaraj,LinkedIn,Book demo,Qualtrics,Deal created from event lead,special_characters,Intentional CRM import test case: special_characters
DEAL-000203,Northstar 203 LLC - Event Follow-up Deal,COMP-000203,Northstar 203 LLC,CONT-000203,priya.menon@northstar.com,Closed Lost,10000,EUR,50,10000,2026-03-03,2026-04-03,Maya,Trade Show,Send proposal,Google Forms,Deal created from event lead,leading_zero_lost,Intentional CRM import test case: leading_zero_lost
DEAL-000204,Vertex 204 Pvt Ltd - Event Follow-up Deal,COMP-000204,Vertex 204 Pvt Ltd,CONT-000204,rahul.patel@vertex.com,Demo,100000,USD,10,500,2026-01-25,2026-04-24,Maya,Cold Email,Legal review,Qualtrics,Deal created from event lead,newline_in_field,Intentional CRM import test case: newline_in_field
DEAL-000205,Nimbus 205 Ltd - Event Follow-up Deal,COMP-000205,Nimbus 205 Ltd,CONT-000205,neha.kumar@nimbus.com,Almost Won Maybe,25000,USD,70,10000,2026-01-24,2026-05-01,Kiran,Trade Show,Book demo,SurveyMonkey,Deal created from event lead,unknown_picklist_value,Intentional CRM import test case: unknown_picklist_value
DEAL-000206,BrightEdge 206 Technologies - Event Follow-up Deal,COMP-000206,BrightEdge 206 Technologies,CONT-000206,karthik.reddy@brightedge.com,Demo,5000,SGD,80,500,2026-02-28,2035-12-31,,Referral,Procurement intro,SurveyMonkey,Deal created from event lead,future_close_date,Intentional CRM import test case: future_close_date
DEAL-000207,CloudNova 207 Solutions - Event Follow-up Deal,COMP-000207,CloudNova 207 Solutions,CONT-000207,ananya.singh@cloudnova.com,Discovery,-5000,EUR,90,2000,2026-04-06,2026-06-10,salesrep2,Event Booth,Procurement intro,Qualtrics,Deal created from event lead,negative_deal_value,Intentional CRM import test case: negative_deal_value
DEAL-000208,GreenLeaf 208 LLC - Event Follow-up Deal,COMP-000208,GreenLeaf 208 LLC,CONT-000208,vikram@gmail.com,Proposal,25000,USD,80,2000,2026-02-04,2026-05-15,Kiran,LinkedIn,Follow up in 1 week,SurveyMonkey,Deal created from event lead,personal_email_for_business_contact,Intentional CRM import test case: personal_email_for_business_contact
DEAL-000209,UrbanHive 209 Private Limited - Event Follow-up Deal,COMP-000209,UrbanHive 209 Private Limited,CONT-000209,meera.mehta@urbanhive.com,Closed Won,10000,INR,70,5000,2026-03-30,2026-04-11,Divyaraj,Trade Show,Procurement intro,Typeform,Deal created from event lead,company_suffix_variation,Intentional CRM import test case: company_suffix_variation
DEAL-000210,DataNest 210 Solutions - Event Follow-up Deal,COMP-000210,DataNest 210 Solutions,contact-000010,sanjay.das@datanest.com,Closed Won,100000,SGD,90,5000,2026-03-20,2026-06-09,Sales Rep 1,Webinar,Procurement intro,,Deal created from event lead,duplicate_with_different_case,Intentional CRM import test case: duplicate_with_different_case
DEAL-000211,QuantumWorks 211 LLC - Event Follow-up Deal,COMP-000211,QuantumWorks 211 LLC,CONT-000211,isha.gupta@quantumworks.com,Closed Lost,250000,SGD,80,500,2026-03-04,2026-03-17,Kiran,Partner,Legal review,Qualtrics,Champion likes us 🔥,emoji_in_field,Intentional CRM import test case: emoji_in_field
DEAL-000212,Silverline 212 Pvt Ltd - Event Follow-up Deal,COMP-000212,Silverline 212 Pvt Ltd,CONT-000212,rohan.rao@silverline.com,Closed Lost,250000,INR,10,5000,2026-03-23,2026-04-24,Kiran,LinkedIn,Follow up in 1 week,,Deal created from event lead,url_missing_protocol,Intentional CRM import test case: url_missing_protocol
DEAL-000213,Redwood 213 Solutions - Event Follow-up Deal,COMP-000213,Redwood 213 Solutions,CONT-000213,nisha.joshi@redwood.com,Prospecting,250000,GBP,80,2000,2026-04-13,2026-07-27,Anu,Webinar,Legal review,Qualtrics,Deal created from event lead,postal_code_as_number,Intentional CRM import test case: postal_code_as_number
DEAL-000214,Test Deal,COMP-000214,Zenith 214 Pvt Ltd,CONT-000214,arjun.bose@zenith.com,Discovery,10000,SGD,30,500,2026-01-28,2026-05-09,Kiran,Inbound,TBD,SurveyMonkey,Deal created from event lead,placeholder_text,Intentional CRM import test case: placeholder_text
DEAL-000215,AlphaCore 215 Technologies - Event Follow-up Deal,COMP-000215,AlphaCore 215 Technologies,CONT-000215,sneha.khan@alphacore.com,Discovery,250000,SGD,10,2000,2026-04-15,2026-04-25,,Inbound,Book demo,SurveyMonkey,Deal created from event lead,blank_owner,Intentional CRM import test case: blank_owner
DEAL-000216,,COMP-000216,,CONT-000216,,Closed Won,75000,EUR,70,1000,2026-04-17,2026-07-20,Divyaraj,Referral,Procurement intro,,Deal created from event lead,missing_required_field,Intentional CRM import test case: missing_required_field
DEAL-000217,FutureFlow 217 Technologies - Event Follow-up Deal,COMP-000217,FutureFlow 217 Technologies,CONT-000217,pooja.verma at futureflow.com,Negotiation,250000,USD,70,2000,2026-04-25,2026-06-07,Anu,Trade Show,Procurement intro,SurveyMonkey,Deal created from event lead,invalid_email,Intentional CRM import test case: invalid_email
DEAL-000001,PeoplePulse 218 Solutions - Event Follow-up Deal,COMP-000001,PeoplePulse 218 Solutions,CONT-000218,manoj.pillai@peoplepulse.com,Closed Won,75000,SGD,10,5000,2026-02-22,2026-04-05,salesrep2,Trade Show,Share pricing,Google Forms,Deal created from event lead,duplicate_record,Intentional CRM import test case: duplicate_record
DEAL-000219,SwiftOps 219 Technologies - Event Follow-up Deal,COMP-000219,SwiftOps 219 Technologies,CONT-000219,leena.jain@swiftops.con,Demo,5000,EUR,50,5000,2026-01-23,2026-03-26,Kiran,Trade Show,Procurement intro,Typeform,Deal created from event lead,typo_in_domain,Intentional CRM import test case: typo_in_domain
DEAL-000220,    ClearPath 220 Ltd    - Event Follow-up Deal  ,COMP-000220,  ClearPath 220 Ltd   ,CONT-000220, farhan.roy@clearpath.com ,Proposal,75000,SGD,30,500,2026-05-05,2026-06-19,Maya,LinkedIn,Share pricing,,Deal created from event lead,extra_spaces,Intentional CRM import test case: extra_spaces
DEAL-000221,ACME 221 SOLUTIONS - Event Follow-up Deal,COMP-000221,ACME 221 SOLUTIONS,CONT-000221,AARAV.SHARMA@ACME.COM,Closed Lost,5000,USD,80,5000,2026-01-19,2026-04-12,Divyaraj,LinkedIn,Book demo,Typeform,Deal created from event lead,mixed_case,Intentional CRM import test case: mixed_case
DEAL-000222,BluePeak 222 Ltd - Event Follow-up Deal,COMP-000222,BluePeak 222 Ltd,CONT-000222,divya.iyer@bluepeak.com,Prospecting,100000,INR,10,5000,2026-03-30,31-13-2026,Maya,Trade Show,Legal review,Qualtrics,Deal created from event lead,wrong_date_format,Intentional CRM import test case: wrong_date_format
DEAL-000223,Northstar 223 Ltd - Event Follow-up Deal,COMP-000223,Northstar 223 Ltd,CONT-000223,priya.menon@northstar.com,Discovery,5000,SGD,20,2000,2026-01-24,2026-03-07,,Trade Show,Share pricing,SurveyMonkey,Deal created from event lead,invalid_phone,Intentional CRM import test case: invalid_phone
DEAL-000224,Vertex 224 Ltd - Event Follow-up Deal,COMP-000224,Vertex 224 Ltd,CONT-000224,rahul.patel@vertex.com,Prospecting,250000,EUR,70,5000,2026-01-30,2026-03-11,,Webinar,Procurement intro,Google Forms,Deal created from event lead,country_city_mismatch,Intentional CRM import test case: country_city_mismatch
DEAL-000225,Nimbus 225 Solutions - Event Follow-up Deal,COMP-000225,Nimbus 225 Solutions,CONT-000225,neha.kumar@nimbus.com,Prospecting,"$12,00,000",INR,50,2000,2026-02-26,2026-03-23,,Webinar,Book demo,,Deal created from event lead,wrong_currency_format,Intentional CRM import test case: wrong_currency_format
DEAL-000226,BrightEdge 226 Inc - Event Follow-up Deal,COMP-000226,BrightEdge 226 Inc,CONT-000226,aarav.sharma at acme.com,Proposal,5000,GBP,eighty percent,5000,2026-01-14,2026-05-06,Divyaraj,Webinar,Procurement intro,,Deal created from event lead,invalid_number_text,Intentional CRM import test case: invalid_number_text
DEAL-000227,CloudNova 227 Pvt Ltd - Event Follow-up Deal,COMP-NOTFOUND,CloudNova 227 Pvt Ltd,CONT-NOTFOUND,ananya.singh@cloudnova.com,Demo,250000,SGD,50,500,2026-03-01,2026-03-17,Sales Rep 1,Partner,Book demo,SurveyMonkey,Deal created from event lead,bad_lookup_reference,Intentional CRM import test case: bad_lookup_reference
DEAL-000228,GreenLeaf 228 Ltd - Event Follow-up Deal,COMP-000228,GreenLeaf 228 Ltd,CONT-000228,vikram.nair@greenleaf.com,Negotiation,5000,SGD,50,5000,2026-01-31,2026-05-05,,Partner,Legal review,SurveyMonkey,Deal created from event lead,merged_fields,Intentional CRM import test case: merged_fields
DEAL-000229,UrbanHive 229 LLC & Sons/Partners #1 - Event Follow-up Deal,COMP-000229,UrbanHive 229 LLC & Sons/Partners #1,CONT-000229,meera.mehta@urbanhive.com,Closed Won,100000,INR,50,10000,2026-04-29,2026-06-21,Kiran,LinkedIn,Send proposal,,Deal created from event lead,special_characters,Intentional CRM import test case: special_characters
DEAL-000230,DataNest 230 Inc - Event Follow-up Deal,COMP-000230,DataNest 230 Inc,CONT-000230,sanjay.das@datanest.com,Closed Won,5000,EUR,90,1000,2026-05-10,2026-08-04,Sales Rep 1,Referral,Procurement intro,SurveyMonkey,Deal created from event lead,leading_zero_lost,Intentional CRM import test case: leading_zero_lost
DEAL-000231,QuantumWorks 231 Solutions - Event Follow-up Deal,COMP-000231,QuantumWorks 231 Solutions,CONT-000231,isha.gupta@quantumworks.com,Proposal,50000,EUR,50,1000,2026-04-09,2026-06-03,Anu,Referral,Send proposal,,Deal created from event lead,newline_in_field,Intentional CRM import test case: newline_in_field
DEAL-000232,Silverline 232 LLC - Event Follow-up Deal,COMP-000232,Silverline 232 LLC,CONT-000232,rohan.rao@silverline.com,Almost Won Maybe,50000,EUR,80,2000,2026-04-25,2026-06-13,Kiran,Referral,Book demo,Google Forms,Deal created from event lead,unknown_picklist_value,Intentional CRM import test case: unknown_picklist_value
DEAL-000233,Redwood 233 LLC - Event Follow-up Deal,COMP-000233,Redwood 233 LLC,CONT-000233,nisha.joshi@redwood.com,Demo,25000,GBP,10,10000,2026-04-02,2035-12-31,Sales Rep 1,Referral,Send proposal,Typeform,Deal created from event lead,future_close_date,Intentional CRM import test case: future_close_date
DEAL-000234,Zenith 234 Inc - Event Follow-up Deal,COMP-000234,Zenith 234 Inc,CONT-000234,arjun.bose@zenith.com,Closed Lost,-5000,INR,50,2000,2026-03-08,2026-06-30,Anu,LinkedIn,Procurement intro,Typeform,Deal created from event lead,negative_deal_value,Intentional CRM import test case: negative_deal_value
DEAL-000235,AlphaCore 235 Technologies - Event Follow-up Deal,COMP-000235,AlphaCore 235 Technologies,CONT-000235,sneha@gmail.com,Demo,10000,SGD,80,5000,2026-01-31,2026-02-18,Sales Rep 1,Event Booth,Legal review,SurveyMonkey,Deal created from event lead,personal_email_for_business_contact,Intentional CRM import test case: personal_email_for_business_contact
DEAL-000236,MetricBee 236 Solutions - Event Follow-up Deal,COMP-000236,MetricBee 236 Solutions,CONT-000236,amit.thomas@metricbee.com,Demo,50000,GBP,20,500,2026-03-30,2026-06-26,Maya,Trade Show,Follow up in 1 week,Typeform,Deal created from event lead,company_suffix_variation,Intentional CRM import test case: company_suffix_variation
DEAL-000237,FutureFlow 237 Solutions - Event Follow-up Deal,COMP-000237,FutureFlow 237 Solutions,contact-000010,pooja.verma@futureflow.com,Closed Won,10000,USD,50,10000,2026-01-14,2026-01-24,Anu,LinkedIn,Follow up in 1 week,Qualtrics,Deal created from event lead,duplicate_with_different_case,Intentional CRM import test case: duplicate_with_different_case
DEAL-000238,PeoplePulse 238 Pvt Ltd - Event Follow-up Deal,COMP-000238,PeoplePulse 238 Pvt Ltd,CONT-000238,manoj.pillai@peoplepulse.com,Proposal,10000,SGD,20,500,2026-01-28,2026-05-12,Kiran,Trade Show,Send proposal,Qualtrics,Champion likes us 🔥,emoji_in_field,Intentional CRM import test case: emoji_in_field
DEAL-000239,SwiftOps 239 Inc - Event Follow-up Deal,COMP-000239,SwiftOps 239 Inc,CONT-000239,leena.jain@swiftops.com,Prospecting,10000,GBP,50,1000,2026-05-08,2026-07-28,salesrep2,Event Booth,Send proposal,,Deal created from event lead,url_missing_protocol,Intentional CRM import test case: url_missing_protocol
DEAL-000240,ClearPath 240 Inc - Event Follow-up Deal,COMP-000240,ClearPath 240 Inc,CONT-000240,farhan.roy@clearpath.com,Demo,10000,USD,30,1000,2026-04-16,2026-05-21,Kiran,LinkedIn,Book demo,Typeform,Deal created from event lead,postal_code_as_number,Intentional CRM import test case: postal_code_as_number
DEAL-000241,Test Deal,COMP-000241,Acme 241 Technologies,CONT-000241,aarav.sharma@acme.com,Closed Lost,25000,INR,10,1000,2026-05-09,2026-06-10,Maya,Webinar,TBD,Typeform,Deal created from event lead,placeholder_text,Intentional CRM import test case: placeholder_text
DEAL-000242,BluePeak 242 Pvt Ltd - Event Follow-up Deal,COMP-000242,BluePeak 242 Pvt Ltd,CONT-000242,divya.iyer@bluepeak.com,Discovery,25000,GBP,80,1000,2026-04-02,2026-06-09,,Partner,Procurement intro,,Deal created from event lead,blank_owner,Intentional CRM import test case: blank_owner
DEAL-000243,,COMP-000243,,CONT-000243,,Discovery,250000,USD,20,10000,2026-04-26,2026-05-24,Maya,Event Booth,Share pricing,SurveyMonkey,Deal created from event lead,missing_required_field,Intentional CRM import test case: missing_required_field
DEAL-000244,Vertex 244 Pvt Ltd - Event Follow-up Deal,COMP-000244,Vertex 244 Pvt Ltd,CONT-000244,rahul.patel at vertex.com,Discovery,5000,EUR,70,1000,2026-03-18,2026-06-17,,Cold Email,Book demo,Qualtrics,Deal created from event lead,invalid_email,Intentional CRM import test case: invalid_email
DEAL-000001,Nimbus 245 LLC - Event Follow-up Deal,COMP-000001,Nimbus 245 LLC,CONT-000245,neha.kumar@nimbus.com,Closed Won,250000,GBP,90,1000,2026-04-10,2026-04-26,,Inbound,Book demo,,Deal created from event lead,duplicate_record,Intentional CRM import test case: duplicate_record
DEAL-000246,BrightEdge 246 Inc - Event Follow-up Deal,COMP-000246,BrightEdge 246 Inc,CONT-000246,karthik.reddy@brightedge.con,Closed Lost,100000,EUR,10,1000,2026-01-31,2026-04-11,Sales Rep 1,Partner,Procurement intro,SurveyMonkey,Deal created from event lead,typo_in_domain,Intentional CRM import test case: typo_in_domain
DEAL-000247,    CloudNova 247 Technologies    - Event Follow-up Deal  ,COMP-000247,  CloudNova 247 Technologies   ,CONT-000247, ananya.singh@cloudnova.com ,Negotiation,50000,USD,30,2000,2026-03-25,2026-06-06,Sales Rep 1,Inbound,Procurement intro,Google Forms,Deal created from event lead,extra_spaces,Intentional CRM import test case: extra_spaces
DEAL-000248,GREENLEAF 248 LLC - Event Follow-up Deal,COMP-000248,GREENLEAF 248 LLC,CONT-000248,VIKRAM.NAIR@GREENLEAF.COM,Negotiation,50000,EUR,80,500,2026-03-12,2026-04-25,Anu,LinkedIn,Book demo,Google Forms,Deal created from event lead,mixed_case,Intentional CRM import test case: mixed_case
DEAL-000249,UrbanHive 249 LLC - Event Follow-up Deal,COMP-000249,UrbanHive 249 LLC,CONT-000249,meera.mehta@urbanhive.com,Proposal,10000,GBP,50,5000,2026-01-21,31-13-2026,Sales Rep 1,Referral,Share pricing,Qualtrics,Deal created from event lead,wrong_date_format,Intentional CRM import test case: wrong_date_format
DEAL-000250,DataNest 250 Solutions - Event Follow-up Deal,COMP-000250,DataNest 250 Solutions,CONT-000250,sanjay.das@datanest.com,Discovery,250000,INR,30,5000,2026-03-02,2026-03-22,Sales Rep 1,Event Booth,Book demo,SurveyMonkey,Deal created from event lead,invalid_phone,Intentional CRM import test case: invalid_phone
DEAL-000251,QuantumWorks 251 Inc - Event Follow-up Deal,COMP-000251,QuantumWorks 251 Inc,CONT-000251,isha.gupta@quantumworks.com,Negotiation,75000,GBP,50,5000,2026-05-06,2026-07-14,Maya,Partner,Follow up in 1 week,Qualtrics,Deal created from event lead,country_city_mismatch,Intentional CRM import test case: country_city_mismatch
DEAL-000252,Silverline 252 Ltd - Event Follow-up Deal,COMP-000252,Silverline 252 Ltd,CONT-000252,rohan.rao@silverline.com,Demo,"$12,00,000",SGD,10,1000,2026-01-29,2026-04-12,Maya,LinkedIn,Share pricing,,Deal created from event lead,wrong_currency_format,Intentional CRM import test case: wrong_currency_format
DEAL-000253,Redwood 253 Pvt Ltd - Event Follow-up Deal,COMP-000253,Redwood 253 Pvt Ltd,CONT-000253,nisha.joshi@redwood.com,Demo,250000,EUR,eighty percent,10000,2026-03-27,2026-04-16,salesrep2,Webinar,Share pricing,Typeform,Deal created from event lead,invalid_number_text,Intentional CRM import test case: invalid_number_text
DEAL-000254,Zenith 254 Technologies - Event Follow-up Deal,COMP-NOTFOUND,Zenith 254 Technologies,CONT-NOTFOUND,arjun.bose@zenith.com,Prospecting,25000,INR,70,1000,2026-04-29,2026-05-24,Kiran,LinkedIn,Procurement intro,Qualtrics,Deal created from event lead,bad_lookup_reference,Intentional CRM import test case: bad_lookup_reference
DEAL-000255,AlphaCore 255 Ltd - Event Follow-up Deal,COMP-000255,AlphaCore 255 Ltd,CONT-000255,sneha.khan@alphacore.com,Closed Won,250000,GBP,20,10000,2026-04-09,2026-05-27,Anu,Cold Email,Send proposal,Qualtrics,Deal created from event lead,merged_fields,Intentional CRM import test case: merged_fields
DEAL-000256,MetricBee 256 Technologies & Sons/Partners #1 - Event Follow-up Deal,COMP-000256,MetricBee 256 Technologies & Sons/Partners #1,CONT-000256,amit.thomas@metricbee.com,Demo,250000,SGD,50,10000,2026-04-05,2026-07-29,,Trade Show,Follow up in 1 week,SurveyMonkey,Deal created from event lead,special_characters,Intentional CRM import test case: special_characters
DEAL-000257,FutureFlow 257 LLC - Event Follow-up Deal,COMP-000257,FutureFlow 257 LLC,CONT-000257,pooja.verma@futureflow.com,Closed Lost,50000,USD,20,1000,2026-02-03,2026-03-04,Maya,LinkedIn,Legal review,SurveyMonkey,Deal created from event lead,leading_zero_lost,Intentional CRM import test case: leading_zero_lost
DEAL-000258,PeoplePulse 258 Technologies - Event Follow-up Deal,COMP-000258,PeoplePulse 258 Technologies,CONT-000258,manoj.pillai@peoplepulse.com,Closed Lost,50000,SGD,30,500,2026-01-31,2026-04-21,Kiran,LinkedIn,Follow up in 1 week,Google Forms,Deal created from event lead,newline_in_field,Intentional CRM import test case: newline_in_field
DEAL-000259,SwiftOps 259 Pvt Ltd - Event Follow-up Deal,COMP-000259,SwiftOps 259 Pvt Ltd,CONT-000259,leena.jain@swiftops.com,Almost Won Maybe,250000,EUR,10,2000,2026-04-15,2026-06-20,Anu,Referral,Share pricing,,Deal created from event lead,unknown_picklist_value,Intentional CRM import test case: unknown_picklist_value
DEAL-000260,ClearPath 260 Technologies - Event Follow-up Deal,COMP-000260,ClearPath 260 Technologies,CONT-000260,farhan.roy@clearpath.com,Closed Won,250000,GBP,30,1000,2026-03-09,2035-12-31,Maya,Partner,Procurement intro,Google Forms,Deal created from event lead,future_close_date,Intentional CRM import test case: future_close_date
DEAL-000261,Acme 261 Ltd - Event Follow-up Deal,COMP-000261,Acme 261 Ltd,CONT-000261,aarav.sharma@acme.com,Closed Won,-5000,GBP,30,10000,2026-02-03,2026-05-23,Divyaraj,Trade Show,Book demo,Typeform,Deal created from event lead,negative_deal_value,Intentional CRM import test case: negative_deal_value
DEAL-000262,BluePeak 262 Solutions - Event Follow-up Deal,COMP-000262,BluePeak 262 Solutions,CONT-000262,divya@gmail.com,Closed Won,250000,EUR,70,10000,2026-03-30,2026-06-20,,Partner,Follow up in 1 week,Typeform,Deal created from event lead,personal_email_for_business_contact,Intentional CRM import test case: personal_email_for_business_contact
DEAL-000263,Northstar 263 LLC - Event Follow-up Deal,COMP-000263,Northstar 263 LLC,CONT-000263,priya.menon@northstar.com,Negotiation,50000,USD,50,500,2026-03-22,2026-04-09,Kiran,Inbound,Procurement intro,Qualtrics,Deal created from event lead,company_suffix_variation,Intentional CRM import test case: company_suffix_variation
DEAL-000264,Vertex 264 Technologies - Event Follow-up Deal,COMP-000264,Vertex 264 Technologies,contact-000010,rahul.patel@vertex.com,Prospecting,100000,EUR,20,500,2026-04-30,2026-05-31,,Inbound,Send proposal,Typeform,Deal created from event lead,duplicate_with_different_case,Intentional CRM import test case: duplicate_with_different_case
DEAL-000265,Nimbus 265 Inc - Event Follow-up Deal,COMP-000265,Nimbus 265 Inc,CONT-000265,neha.kumar@nimbus.com,Proposal,25000,USD,20,2000,2026-04-16,2026-05-04,salesrep2,Webinar,Follow up in 1 week,,Champion likes us 🔥,emoji_in_field,Intentional CRM import test case: emoji_in_field
DEAL-000266,BrightEdge 266 Solutions - Event Follow-up Deal,COMP-000266,BrightEdge 266 Solutions,CONT-000266,karthik.reddy@brightedge.com,Prospecting,10000,GBP,90,5000,2026-03-25,2026-06-09,Maya,Referral,Send proposal,Typeform,Deal created from event lead,url_missing_protocol,Intentional CRM import test case: url_missing_protocol
DEAL-000267,CloudNova 267 Technologies - Event Follow-up Deal,COMP-000267,CloudNova 267 Technologies,CONT-000267,ananya.singh@cloudnova.com,Proposal,100000,INR,50,1000,2026-03-04,2026-05-06,Anu,LinkedIn,Share pricing,Google Forms,Deal created from event lead,postal_code_as_number,Intentional CRM import test case: postal_code_as_number
DEAL-000268,Test Deal,COMP-000268,GreenLeaf 268 Pvt Ltd,CONT-000268,vikram.nair@greenleaf.com,Closed Won,50000,USD,70,10000,2026-01-27,2026-05-07,Kiran,LinkedIn,TBD,Google Forms,Deal created from event lead,placeholder_text,Intentional CRM import test case: placeholder_text
DEAL-000269,UrbanHive 269 Pvt Ltd - Event Follow-up Deal,COMP-000269,UrbanHive 269 Pvt Ltd,CONT-000269,meera.mehta@urbanhive.com,Prospecting,10000,SGD,10,5000,2026-04-06,2026-05-11,,LinkedIn,Legal review,Qualtrics,Deal created from event lead,blank_owner,Intentional CRM import test case: blank_owner
DEAL-000270,,COMP-000270,,CONT-000270,,Proposal,50000,SGD,70,500,2026-01-15,2026-04-07,salesrep2,Webinar,Share pricing,Google Forms,Deal created from event lead,missing_required_field,Intentional CRM import test case: missing_required_field
DEAL-000271,QuantumWorks 271 Solutions - Event Follow-up Deal,COMP-000271,QuantumWorks 271 Solutions,CONT-000271,isha.gupta at quantumworks.com,Closed Lost,100000,GBP,50,10000,2026-03-28,2026-07-05,,Referral,Follow up in 1 week,Typeform,Deal created from event lead,invalid_email,Intentional CRM import test case: invalid_email
DEAL-000001,Silverline 272 Technologies - Event Follow-up Deal,COMP-000001,Silverline 272 Technologies,CONT-000272,rohan.rao@silverline.com,Closed Won,50000,SGD,50,1000,2026-04-19,2026-07-17,salesrep2,Webinar,Follow up in 1 week,,Deal created from event lead,duplicate_record,Intentional CRM import test case: duplicate_record
DEAL-000273,Redwood 273 Inc - Event Follow-up Deal,COMP-000273,Redwood 273 Inc,CONT-000273,nisha.joshi@redwood.con,Demo,100000,EUR,30,500,2026-04-11,2026-05-11,salesrep2,LinkedIn,Follow up in 1 week,Google Forms,Deal created from event lead,typo_in_domain,Intentional CRM import test case: typo_in_domain
DEAL-000274,    Zenith 274 Solutions    - Event Follow-up Deal  ,COMP-000274,  Zenith 274 Solutions   ,CONT-000274, arjun.bose@zenith.com ,Prospecting,25000,INR,90,500,2026-02-03,2026-04-24,Sales Rep 1,Event Booth,Follow up in 1 week,Google Forms,Deal created from event lead,extra_spaces,Intentional CRM import test case: extra_spaces
DEAL-000275,ALPHACORE 275 PVT LTD - Event Follow-up Deal,COMP-000275,ALPHACORE 275 PVT LTD,CONT-000275,SNEHA.KHAN@ALPHACORE.COM,Discovery,75000,INR,50,500,2026-04-20,2026-06-01,Divyaraj,Inbound,Follow up in 1 week,Qualtrics,Deal created from event lead,mixed_case,Intentional CRM import test case: mixed_case
DEAL-000276,MetricBee 276 Ltd - Event Follow-up Deal,COMP-000276,MetricBee 276 Ltd,CONT-000276,aarav.sharma at acme.com,Closed Lost,10000,SGD,10,500,2026-02-05,31-13-2026,Kiran,Webinar,Procurement intro,Typeform,Deal created from event lead,wrong_date_format,Intentional CRM import test case: wrong_date_format
DEAL-000277,FutureFlow 277 Ltd - Event Follow-up Deal,COMP-000277,FutureFlow 277 Ltd,CONT-000277,pooja.verma@futureflow.com,Closed Won,50000,SGD,50,500,2026-03-31,2026-07-04,Divyaraj,LinkedIn,Procurement intro,Google Forms,Deal created from event lead,invalid_phone,Intentional CRM import test case: invalid_phone
DEAL-000278,PeoplePulse 278 LLC - Event Follow-up Deal,COMP-000278,PeoplePulse 278 LLC,CONT-000278,manoj.pillai@peoplepulse.com,Closed Lost,25000,USD,20,500,2026-04-24,2026-07-03,Sales Rep 1,Webinar,Book demo,Qualtrics,Deal created from event lead,country_city_mismatch,Intentional CRM import test case: country_city_mismatch
DEAL-000279,SwiftOps 279 Inc - Event Follow-up Deal,COMP-000279,SwiftOps 279 Inc,CONT-000279,leena.jain@swiftops.com,Closed Won,"$12,00,000",USD,10,500,2026-04-26,2026-07-13,salesrep2,Cold Email,Book demo,Google Forms,Deal created from event lead,wrong_currency_format,Intentional CRM import test case: wrong_currency_format
DEAL-000280,ClearPath 280 Ltd - Event Follow-up Deal,COMP-000280,ClearPath 280 Ltd,CONT-000280,farhan.roy@clearpath.com,Discovery,100000,INR,eighty percent,10000,2026-03-27,2026-04-28,Anu,Inbound,Procurement intro,,Deal created from event lead,invalid_number_text,Intentional CRM import test case: invalid_number_text
DEAL-000281,Acme 281 LLC - Event Follow-up Deal,COMP-NOTFOUND,Acme 281 LLC,CONT-NOTFOUND,aarav.sharma@acme.com,Closed Lost,75000,INR,50,2000,2026-01-24,2026-04-25,Maya,Trade Show,Legal review,,Deal created from event lead,bad_lookup_reference,Intentional CRM import test case: bad_lookup_reference
DEAL-000282,BluePeak 282 LLC - Event Follow-up Deal,COMP-000282,BluePeak 282 LLC,CONT-000282,divya.iyer@bluepeak.com,Proposal,250000,USD,20,2000,2026-05-05,2026-08-21,Anu,LinkedIn,Send proposal,,Deal created from event lead,merged_fields,Intentional CRM import test case: merged_fields
DEAL-000283,Northstar 283 Solutions & Sons/Partners #1 - Event Follow-up Deal,COMP-000283,Northstar 283 Solutions & Sons/Partners #1,CONT-000283,priya.menon@northstar.com,Prospecting,25000,USD,80,500,2026-03-19,2026-04-01,Anu,Webinar,Procurement intro,Typeform,Deal created from event lead,special_characters,Intentional CRM import test case: special_characters
DEAL-000284,Vertex 284 Pvt Ltd - Event Follow-up Deal,COMP-000284,Vertex 284 Pvt Ltd,CONT-000284,rahul.patel@vertex.com,Prospecting,50000,EUR,10,2000,2026-02-08,2026-03-11,Kiran,LinkedIn,Legal review,Typeform,Deal created from event lead,leading_zero_lost,Intentional CRM import test case: leading_zero_lost
DEAL-000285,Nimbus 285 Inc - Event Follow-up Deal,COMP-000285,Nimbus 285 Inc,CONT-000285,neha.kumar@nimbus.com,Proposal,50000,INR,20,1000,2026-01-12,2026-04-01,Divyaraj,Event Booth,Share pricing,Typeform,Deal created from event lead,newline_in_field,Intentional CRM import test case: newline_in_field
DEAL-000286,BrightEdge 286 Solutions - Event Follow-up Deal,COMP-000286,BrightEdge 286 Solutions,CONT-000286,karthik.reddy@brightedge.com,Almost Won Maybe,25000,INR,50,1000,2026-05-10,2026-07-10,Maya,LinkedIn,Send proposal,Qualtrics,Deal created from event lead,unknown_picklist_value,Intentional CRM import test case: unknown_picklist_value
DEAL-000287,CloudNova 287 Ltd - Event Follow-up Deal,COMP-000287,CloudNova 287 Ltd,CONT-000287,ananya.singh@cloudnova.com,Demo,5000,INR,20,5000,2026-02-17,2035-12-31,Kiran,Inbound,Send proposal,SurveyMonkey,Deal created from event lead,future_close_date,Intentional CRM import test case: future_close_date
DEAL-000288,GreenLeaf 288 Solutions - Event Follow-up Deal,COMP-000288,GreenLeaf 288 Solutions,CONT-000288,vikram.nair@greenleaf.com,Negotiation,-5000,GBP,10,10000,2026-01-30,2026-05-28,Kiran,Partner,Procurement intro,Typeform,Deal created from event lead,negative_deal_value,Intentional CRM import test case: negative_deal_value
DEAL-000289,UrbanHive 289 Solutions - Event Follow-up Deal,COMP-000289,UrbanHive 289 Solutions,CONT-000289,meera@gmail.com,Closed Won,250000,GBP,90,5000,2026-03-30,2026-05-01,Divyaraj,Event Booth,Send proposal,SurveyMonkey,Deal created from event lead,personal_email_for_business_contact,Intentional CRM import test case: personal_email_for_business_contact
DEAL-000290,DataNest 290 Technologies - Event Follow-up Deal,COMP-000290,DataNest 290 Technologies,CONT-000290,sanjay.das@datanest.com,Proposal,50000,EUR,80,1000,2026-01-15,2026-04-09,Sales Rep 1,Trade Show,Book demo,,Deal created from event lead,company_suffix_variation,Intentional CRM import test case: company_suffix_variation
DEAL-000291,QuantumWorks 291 Solutions - Event Follow-up Deal,COMP-000291,QuantumWorks 291 Solutions,contact-000010,isha.gupta@quantumworks.com,Prospecting,25000,USD,80,5000,2026-02-22,2026-06-09,,LinkedIn,Legal review,,Deal created from event lead,duplicate_with_different_case,Intentional CRM import test case: duplicate_with_different_case
DEAL-000292,Silverline 292 Inc - Event Follow-up Deal,COMP-000292,Silverline 292 Inc,CONT-000292,rohan.rao@silverline.com,Demo,50000,GBP,20,1000,2026-05-04,2026-05-31,Maya,LinkedIn,Procurement intro,,Champion likes us 🔥,emoji_in_field,Intentional CRM import test case: emoji_in_field
DEAL-000293,Redwood 293 Ltd - Event Follow-up Deal,COMP-000293,Redwood 293 Ltd,CONT-000293,nisha.joshi@redwood.com,Negotiation,50000,GBP,20,2000,2026-04-11,2026-07-22,Kiran,Trade Show,Legal review,Google Forms,Deal created from event lead,url_missing_protocol,Intentional CRM import test case: url_missing_protocol
DEAL-000294,Zenith 294 Ltd - Event Follow-up Deal,COMP-000294,Zenith 294 Ltd,CONT-000294,arjun.bose@zenith.com,Demo,250000,INR,20,2000,2026-02-18,2026-06-12,Kiran,LinkedIn,Book demo,SurveyMonkey,Deal created from event lead,postal_code_as_number,Intentional CRM import test case: postal_code_as_number
DEAL-000295,Test Deal,COMP-000295,AlphaCore 295 LLC,CONT-000295,sneha.khan@alphacore.com,Discovery,250000,USD,70,5000,2026-05-05,2026-08-08,Sales Rep 1,Event Booth,TBD,Google Forms,Deal created from event lead,placeholder_text,Intentional CRM import test case: placeholder_text
DEAL-000296,MetricBee 296 Ltd - Event Follow-up Deal,COMP-000296,MetricBee 296 Ltd,CONT-000296,amit.thomas@metricbee.com,Prospecting,250000,SGD,10,1000,2026-02-20,2026-03-02,,Referral,Book demo,Typeform,Deal created from event lead,blank_owner,Intentional CRM import test case: blank_owner
DEAL-000297,,COMP-000297,,CONT-000297,,Negotiation,75000,USD,20,10000,2026-04-30,2026-06-01,Divyaraj,Partner,Procurement intro,Google Forms,Deal created from event lead,missing_required_field,Intentional CRM import test case: missing_required_field
DEAL-000298,PeoplePulse 298 LLC - Event Follow-up Deal,COMP-000298,PeoplePulse 298 LLC,CONT-000298,manoj.pillai at peoplepulse.com,Closed Won,10000,USD,50,1000,2026-04-02,2026-05-03,Sales Rep 1,LinkedIn,Share pricing,Qualtrics,Deal created from event lead,invalid_email,Intentional CRM import test case: invalid_email
DEAL-000001,SwiftOps 299 Ltd - Event Follow-up Deal,COMP-000001,SwiftOps 299 Ltd,CONT-000299,leena.jain@swiftops.com,Closed Won,10000,GBP,90,5000,2026-02-27,2026-05-05,Divyaraj,Event Booth,Follow up in 1 week,Google Forms,Deal created from event lead,duplicate_record,Intentional CRM import test case: duplicate_record
DEAL-000300,ClearPath 300 Ltd - Event Follow-up Deal,COMP-000300,ClearPath 300 Ltd,CONT-000300,farhan.roy@clearpath.con,Proposal,50000,EUR,70,5000,2026-04-20,2026-06-29,,Referral,Follow up in 1 week,,Deal created from event lead,typo_in_domain,Intentional CRM import test case: typo_in_domain
